Gene stable ID,Gene stable ID version,Transcript stable ID,Transcript stable ID version
ENSG00000251841,ENSG00000251841.1,ENST00000516032,ENST00000516032.1
ENSG00000184895,ENSG00000184895.8,ENST00000383070,ENST00000383070.2
ENSG00000237659,ENSG00000237659.1,ENST00000454281,ENST00000454281.1
ENSG00000232195,ENSG00000232195.1,ENST00000430735,ENST00000430735.1
ENSG00000286130,ENSG00000286130.1,ENST00000651710,ENST00000651710.1
ENSG00000129824,ENSG00000129824.16,ENST00000250784,ENST00000250784.13
ENSG00000129824,ENSG00000129824.16,ENST00000430575,ENST00000430575.1
ENSG00000129824,ENSG00000129824.16,ENST00000477725,ENST00000477725.1
ENSG00000129824,ENSG00000129824.16,ENST00000515575,ENST00000515575.1
ENSG00000227289,ENSG00000227289.2,ENST00000444242,ENST00000444242.1
ENSG00000227289,ENSG00000227289.2,ENST00000652562,ENST00000652562.1
ENSG00000229163,ENSG00000229163.2,ENST00000414182,ENST00000414182.2
ENSG00000278847,ENSG00000278847.1,ENST00000611750,ENST00000611750.1
ENSG00000067646,ENSG00000067646.12,ENST00000383052,ENST00000383052.5
ENSG00000067646,ENSG00000067646.12,ENST00000625061,ENST00000625061.3
ENSG00000067646,ENSG00000067646.12,ENST00000469869,ENST00000469869.1
ENSG00000067646,ENSG00000067646.12,ENST00000443793,ENST00000443793.1
ENSG00000067646,ENSG00000067646.12,ENST00000449237,ENST00000449237.4
ENSG00000067646,ENSG00000067646.12,ENST00000478783,ENST00000478783.1
ENSG00000067646,ENSG00000067646.12,ENST00000155093,ENST00000155093.8
ENSG00000233070,ENSG00000233070.1,ENST00000417305,ENST00000417305.1
ENSG00000233070,ENSG00000233070.1,ENST00000431145,ENST00000431145.1
ENSG00000223600,ENSG00000223600.1,ENST00000414667,ENST00000414667.1
ENSG00000231535,ENSG00000231535.7,ENST00000652068,ENST00000652068.1
ENSG00000231535,ENSG00000231535.7,ENST00000651090,ENST00000651090.1
ENSG00000231535,ENSG00000231535.7,ENST00000444263,ENST00000444263.6
ENSG00000231535,ENSG00000231535.7,ENST00000425031,ENST00000425031.1
ENSG00000231535,ENSG00000231535.7,ENST00000654222,ENST00000654222.1
ENSG00000231535,ENSG00000231535.7,ENST00000665487,ENST00000665487.1
ENSG00000231535,ENSG00000231535.7,ENST00000655607,ENST00000655607.1
ENSG00000231535,ENSG00000231535.7,ENST00000653660,ENST00000653660.1
ENSG00000234652,ENSG00000234652.1,ENST00000455855,ENST00000455855.1
ENSG00000216777,ENSG00000216777.1,ENST00000404428,ENST00000404428.1
ENSG00000176679,ENSG00000176679.9,ENST00000321217,ENST00000321217.5
ENSG00000176679,ENSG00000176679.9,ENST00000559055,ENST00000559055.2
ENSG00000232927,ENSG00000232927.1,ENST00000427677,ENST00000427677.1
ENSG00000225653,ENSG00000225653.1,ENST00000458209,ENST00000458209.1
ENSG00000286050,ENSG00000286050.1,ENST00000650970,ENST00000650970.1
ENSG00000218410,ENSG00000218410.1,ENST00000405035,ENST00000405035.1
ENSG00000229518,ENSG00000229518.1,ENST00000439651,ENST00000439651.1
ENSG00000229308,ENSG00000229308.1,ENST00000426699,ENST00000426699.1
ENSG00000252900,ENSG00000252900.1,ENST00000517091,ENST00000517091.1
ENSG00000225878,ENSG00000225878.1,ENST00000436888,ENST00000436888.1
ENSG00000277930,ENSG00000277930.1,ENST00000622595,ENST00000622595.1
ENSG00000277930,ENSG00000277930.1,ENST00000618284,ENST00000618284.1
ENSG00000099715,ENSG00000099715.14,ENST00000333703,ENST00000333703.8
ENSG00000099715,ENSG00000099715.14,ENST00000622698,ENST00000622698.4
ENSG00000099715,ENSG00000099715.14,ENST00000620615,ENST00000620615.4
ENSG00000099715,ENSG00000099715.14,ENST00000621505,ENST00000621505.1
ENSG00000099715,ENSG00000099715.14,ENST00000215473,ENST00000215473.7
ENSG00000099715,ENSG00000099715.14,ENST00000362095,ENST00000362095.9
ENSG00000099715,ENSG00000099715.14,ENST00000400457,ENST00000400457.3
ENSG00000252468,ENSG00000252468.1,ENST00000516659,ENST00000516659.1
ENSG00000231341,ENSG00000231341.1,ENST00000430062,ENST00000430062.1
ENSG00000235001,ENSG00000235001.3,ENST00000422633,ENST00000422633.1
ENSG00000214207,ENSG00000214207.2,ENST00000388836,ENST00000388836.3
ENSG00000278585,ENSG00000278585.1,ENST00000615757,ENST00000615757.1
ENSG00000235175,ENSG00000235175.1,ENST00000411983,ENST00000411983.1
ENSG00000285470,ENSG00000285470.1,ENST00000645906,ENST00000645906.1
ENSG00000237195,ENSG00000237195.1,ENST00000430307,ENST00000430307.1
ENSG00000250204,ENSG00000250204.2,ENST00000451467,ENST00000451467.1
ENSG00000250204,ENSG00000250204.2,ENST00000442790,ENST00000442790.2
ENSG00000168757,ENSG00000168757.12,ENST00000429039,ENST00000429039.5
ENSG00000168757,ENSG00000168757.12,ENST00000320701,ENST00000320701.8
ENSG00000168757,ENSG00000168757.12,ENST00000383042,ENST00000383042.1
ENSG00000168757,ENSG00000168757.12,ENST00000470569,ENST00000470569.1
ENSG00000168757,ENSG00000168757.12,ENST00000464674,ENST00000464674.1
ENSG00000234830,ENSG00000234830.8,ENST00000451062,ENST00000451062.1
ENSG00000234830,ENSG00000234830.8,ENST00000452103,ENST00000452103.5
ENSG00000234830,ENSG00000234830.8,ENST00000505707,ENST00000505707.3
ENSG00000238235,ENSG00000238235.1,ENST00000442607,ENST00000442607.1
ENSG00000275352,ENSG00000275352.1,ENST00000613408,ENST00000613408.1
ENSG00000234583,ENSG00000234583.1,ENST00000418461,ENST00000418461.1
ENSG00000235094,ENSG00000235094.3,ENST00000445200,ENST00000445200.2
ENSG00000223744,ENSG00000223744.1,ENST00000418671,ENST00000418671.1
ENSG00000229643,ENSG00000229643.2,ENST00000439525,ENST00000439525.1
ENSG00000229643,ENSG00000229643.2,ENST00000652050,ENST00000652050.1
ENSG00000129816,ENSG00000129816.5,ENST00000250776,ENST00000250776.5
ENSG00000212856,ENSG00000212856.6,ENST00000450591,ENST00000450591.1
ENSG00000212856,ENSG00000212856.6,ENST00000651733,ENST00000651733.1
ENSG00000237563,ENSG00000237563.2,ENST00000421353,ENST00000421353.2
ENSG00000147753,ENSG00000147753.9,ENST00000457100,ENST00000457100.5
ENSG00000147753,ENSG00000147753.9,ENST00000276770,ENST00000276770.8
ENSG00000147753,ENSG00000147753.9,ENST00000449828,ENST00000449828.1
ENSG00000185700,ENSG00000185700.10,ENST00000455570,ENST00000455570.5
ENSG00000185700,ENSG00000185700.10,ENST00000328819,ENST00000328819.4
ENSG00000235895,ENSG00000235895.1,ENST00000425857,ENST00000425857.1
ENSG00000232620,ENSG00000232620.1,ENST00000450329,ENST00000450329.1
ENSG00000224953,ENSG00000224953.1,ENST00000413200,ENST00000413200.1
ENSG00000274365,ENSG00000274365.1,ENST00000610687,ENST00000610687.1
ENSG00000233634,ENSG00000233634.1,ENST00000433995,ENST00000433995.1
ENSG00000099721,ENSG00000099721.14,ENST00000651267,ENST00000651267.1
ENSG00000099721,ENSG00000099721.14,ENST00000383036,ENST00000383036.1
ENSG00000099721,ENSG00000099721.14,ENST00000215479,ENST00000215479.10
ENSG00000237701,ENSG00000237701.1,ENST00000431631,ENST00000431631.1
ENSG00000092377,ENSG00000092377.15,ENST00000383032,ENST00000383032.6
ENSG00000092377,ENSG00000092377.15,ENST00000355162,ENST00000355162.6
ENSG00000092377,ENSG00000092377.15,ENST00000346432,ENST00000346432.3
ENSG00000092377,ENSG00000092377.15,ENST00000651523,ENST00000651523.1
ENSG00000273906,ENSG00000273906.1,ENST00000620503,ENST00000620503.1
ENSG00000232583,ENSG00000232583.1,ENST00000434155,ENST00000434155.1
ENSG00000099725,ENSG00000099725.14,ENST00000528056,ENST00000528056.5
ENSG00000099725,ENSG00000099725.14,ENST00000533551,ENST00000533551.5
ENSG00000099725,ENSG00000099725.14,ENST00000495163,ENST00000495163.1
ENSG00000099725,ENSG00000099725.14,ENST00000472666,ENST00000472666.1
ENSG00000252633,ENSG00000252633.1,ENST00000516824,ENST00000516824.1
ENSG00000251996,ENSG00000251996.1,ENST00000516187,ENST00000516187.1
ENSG00000252155,ENSG00000252155.1,ENST00000516346,ENST00000516346.1
ENSG00000252472,ENSG00000252472.1,ENST00000516663,ENST00000516663.1
ENSG00000275280,ENSG00000275280.1,ENST00000619838,ENST00000619838.1
ENSG00000238073,ENSG00000238073.1,ENST00000457961,ENST00000457961.1
ENSG00000223422,ENSG00000223422.1,ENST00000439805,ENST00000439805.1
ENSG00000236435,ENSG00000236435.1,ENST00000421279,ENST00000421279.1
ENSG00000236690,ENSG00000236690.2,ENST00000421675,ENST00000421675.1
ENSG00000234795,ENSG00000234795.10,ENST00000651261,ENST00000651261.1
ENSG00000234795,ENSG00000234795.10,ENST00000455527,ENST00000455527.5
ENSG00000234795,ENSG00000234795.10,ENST00000442584,ENST00000442584.2
ENSG00000234795,ENSG00000234795.10,ENST00000652723,ENST00000652723.1
ENSG00000237048,ENSG00000237048.4,ENST00000651670,ENST00000651670.1
ENSG00000237048,ENSG00000237048.4,ENST00000413466,ENST00000413466.3
ENSG00000237048,ENSG00000237048.4,ENST00000653671,ENST00000653671.1
ENSG00000237048,ENSG00000237048.4,ENST00000664089,ENST00000664089.1
ENSG00000278854,ENSG00000278854.1,ENST00000621243,ENST00000621243.1
ENSG00000215603,ENSG00000215603.4,ENST00000415010,ENST00000415010.1
ENSG00000273863,ENSG00000273863.1,ENST00000614118,ENST00000614118.1
ENSG00000244246,ENSG00000244246.1,ENST00000451913,ENST00000451913.1
ENSG00000229745,ENSG00000229745.1,ENST00000422208,ENST00000422208.1
ENSG00000241200,ENSG00000241200.1,ENST00000425158,ENST00000425158.1
ENSG00000239893,ENSG00000239893.2,ENST00000651148,ENST00000651148.1
ENSG00000239893,ENSG00000239893.2,ENST00000439586,ENST00000439586.1
ENSG00000227204,ENSG00000227204.1,ENST00000425544,ENST00000425544.1
ENSG00000225809,ENSG00000225809.1,ENST00000418221,ENST00000418221.1
ENSG00000215601,ENSG00000215601.3,ENST00000431340,ENST00000431340.1
ENSG00000224634,ENSG00000224634.1,ENST00000447526,ENST00000447526.1
ENSG00000223955,ENSG00000223955.1,ENST00000417434,ENST00000417434.1
ENSG00000234179,ENSG00000234179.1,ENST00000454315,ENST00000454315.1
ENSG00000226529,ENSG00000226529.1,ENST00000445453,ENST00000445453.1
ENSG00000234850,ENSG00000234850.1,ENST00000452458,ENST00000452458.1
ENSG00000227830,ENSG00000227830.1,ENST00000432201,ENST00000432201.1
ENSG00000216824,ENSG00000216824.2,ENST00000403990,ENST00000403990.2
ENSG00000275866,ENSG00000275866.1,ENST00000621514,ENST00000621514.1
ENSG00000286217,ENSG00000286217.2,ENST00000651511,ENST00000651511.1
ENSG00000286217,ENSG00000286217.2,ENST00000650816,ENST00000650816.1
ENSG00000286217,ENSG00000286217.2,ENST00000651700,ENST00000651700.1
ENSG00000286217,ENSG00000286217.2,ENST00000650791,ENST00000650791.1
ENSG00000286217,ENSG00000286217.2,ENST00000651793,ENST00000651793.1
ENSG00000286217,ENSG00000286217.2,ENST00000652539,ENST00000652539.1
ENSG00000286217,ENSG00000286217.2,ENST00000413486,ENST00000413486.2
ENSG00000286217,ENSG00000286217.2,ENST00000657784,ENST00000657784.1
ENSG00000233699,ENSG00000233699.2,ENST00000438677,ENST00000438677.2
ENSG00000232419,ENSG00000232419.1,ENST00000453955,ENST00000453955.1
ENSG00000180910,ENSG00000180910.8,ENST00000253470,ENST00000253470.4
ENSG00000180910,ENSG00000180910.8,ENST00000651367,ENST00000651367.1
ENSG00000228207,ENSG00000228207.1,ENST00000432613,ENST00000432613.1
ENSG00000173357,ENSG00000173357.12,ENST00000455422,ENST00000455422.5
ENSG00000173357,ENSG00000173357.12,ENST00000311828,ENST00000311828.7
ENSG00000273731,ENSG00000273731.1,ENST00000614700,ENST00000614700.1
ENSG00000230025,ENSG00000230025.1,ENST00000434308,ENST00000434308.1
ENSG00000231988,ENSG00000231988.1,ENST00000453312,ENST00000453312.1
ENSG00000232235,ENSG00000232235.1,ENST00000454543,ENST00000454543.1
ENSG00000224408,ENSG00000224408.1,ENST00000438971,ENST00000438971.1
ENSG00000238154,ENSG00000238154.1,ENST00000424401,ENST00000424401.1
ENSG00000232924,ENSG00000232924.1,ENST00000420090,ENST00000420090.1
ENSG00000197038,ENSG00000197038.6,ENST00000382670,ENST00000382670.3
ENSG00000275310,ENSG00000275310.1,ENST00000610661,ENST00000610661.1
ENSG00000232808,ENSG00000232808.1,ENST00000434487,ENST00000434487.1
ENSG00000233803,ENSG00000233803.9,ENST00000426950,ENST00000426950.6
ENSG00000233803,ENSG00000233803.9,ENST00000383008,ENST00000383008.1
ENSG00000233803,ENSG00000233803.9,ENST00000466036,ENST00000466036.1
ENSG00000233803,ENSG00000233803.9,ENST00000482082,ENST00000482082.1
ENSG00000233803,ENSG00000233803.9,ENST00000640033,ENST00000640033.1
ENSG00000225560,ENSG00000225560.6,ENST00000426661,ENST00000426661.5
ENSG00000225560,ENSG00000225560.6,ENST00000432394,ENST00000432394.1
ENSG00000225560,ENSG00000225560.6,ENST00000450145,ENST00000450145.2
ENSG00000229549,ENSG00000229549.9,ENST00000287721,ENST00000287721.13
ENSG00000229549,ENSG00000229549.9,ENST00000383000,ENST00000383000.1
ENSG00000229549,ENSG00000229549.9,ENST00000477879,ENST00000477879.1
ENSG00000229549,ENSG00000229549.9,ENST00000436159,ENST00000436159.2
ENSG00000229549,ENSG00000229549.9,ENST00000383005,ENST00000383005.7
ENSG00000228383,ENSG00000228383.7,ENST00000433321,ENST00000433321.5
ENSG00000228383,ENSG00000228383.7,ENST00000436801,ENST00000436801.5
ENSG00000286120,ENSG00000286120.1,ENST00000432892,ENST00000432892.3
ENSG00000188656,ENSG00000188656.8,ENST00000431358,ENST00000431358.2
ENSG00000237802,ENSG00000237802.7,ENST00000442145,ENST00000442145.5
ENSG00000237802,ENSG00000237802.7,ENST00000450658,ENST00000450658.5
ENSG00000286173,ENSG00000286173.1,ENST00000420524,ENST00000420524.4
ENSG00000228927,ENSG00000228927.10,ENST00000457222,ENST00000457222.6
ENSG00000228927,ENSG00000228927.10,ENST00000424594,ENST00000424594.1
ENSG00000228927,ENSG00000228927.10,ENST00000491844,ENST00000491844.1
ENSG00000228927,ENSG00000228927.10,ENST00000469322,ENST00000469322.1
ENSG00000228927,ENSG00000228927.10,ENST00000440483,ENST00000440483.4
ENSG00000225516,ENSG00000225516.7,ENST00000615605,ENST00000615605.1
ENSG00000225516,ENSG00000225516.7,ENST00000619815,ENST00000619815.4
ENSG00000225516,ENSG00000225516.7,ENST00000423213,ENST00000423213.4
ENSG00000258992,ENSG00000258992.7,ENST00000451548,ENST00000451548.6
ENSG00000258992,ENSG00000258992.7,ENST00000423647,ENST00000423647.6
ENSG00000274196,ENSG00000274196.5,ENST00000616275,ENST00000616275.4
ENSG00000274196,ENSG00000274196.5,ENST00000622692,ENST00000622692.2
ENSG00000238074,ENSG00000238074.5,ENST00000440215,ENST00000440215.4
ENSG00000230066,ENSG00000230066.6,ENST00000427622,ENST00000427622.5
ENSG00000230066,ENSG00000230066.6,ENST00000414596,ENST00000414596.5
ENSG00000230066,ENSG00000230066.6,ENST00000618346,ENST00000618346.2
ENSG00000270073,ENSG00000270073.1,ENST00000448518,ENST00000448518.1
ENSG00000234803,ENSG00000234803.8,ENST00000448006,ENST00000448006.5
ENSG00000234803,ENSG00000234803.8,ENST00000418016,ENST00000418016.5
ENSG00000234803,ENSG00000234803.8,ENST00000598351,ENST00000598351.3
ENSG00000236424,ENSG00000236424.7,ENST00000428845,ENST00000428845.6
ENSG00000236424,ENSG00000236424.7,ENST00000444056,ENST00000444056.1
ENSG00000236424,ENSG00000236424.7,ENST00000489397,ENST00000489397.1
ENSG00000236424,ENSG00000236424.7,ENST00000495839,ENST00000495839.1
ENSG00000224336,ENSG00000224336.2,ENST00000421178,ENST00000421178.2
ENSG00000236786,ENSG00000236786.1,ENST00000457163,ENST00000457163.1
ENSG00000231436,ENSG00000231436.1,ENST00000449381,ENST00000449381.1
ENSG00000234110,ENSG00000234110.1,ENST00000429463,ENST00000429463.1
ENSG00000226223,ENSG00000226223.1,ENST00000449843,ENST00000449843.1
ENSG00000232617,ENSG00000232617.1,ENST00000426129,ENST00000426129.1
ENSG00000183385,ENSG00000183385.9,ENST00000329684,ENST00000329684.7
ENSG00000183385,ENSG00000183385.9,ENST00000426035,ENST00000426035.1
ENSG00000147761,ENSG00000147761.8,ENST00000447655,ENST00000447655.5
ENSG00000147761,ENSG00000147761.8,ENST00000276779,ENST00000276779.8
ENSG00000147761,ENSG00000147761.8,ENST00000415405,ENST00000415405.1
ENSG00000228890,ENSG00000228890.1,ENST00000430228,ENST00000430228.1
ENSG00000212855,ENSG00000212855.5,ENST00000417072,ENST00000417072.1
ENSG00000129845,ENSG00000129845.5,ENST00000250805,ENST00000250805.5
ENSG00000224075,ENSG00000224075.2,ENST00000650665,ENST00000650665.1
ENSG00000224075,ENSG00000224075.2,ENST00000445253,ENST00000445253.1
ENSG00000228379,ENSG00000228379.1,ENST00000449963,ENST00000449963.1
ENSG00000229208,ENSG00000229208.1,ENST00000434454,ENST00000434454.1
ENSG00000274445,ENSG00000274445.1,ENST00000612764,ENST00000612764.1
ENSG00000231874,ENSG00000231874.3,ENST00000441642,ENST00000441642.1
ENSG00000187657,ENSG00000187657.6,ENST00000338964,ENST00000338964.6
ENSG00000239225,ENSG00000239225.1,ENST00000452889,ENST00000452889.1
ENSG00000234950,ENSG00000234950.1,ENST00000447105,ENST00000447105.1
ENSG00000236718,ENSG00000236718.4,ENST00000651645,ENST00000651645.1
ENSG00000236718,ENSG00000236718.4,ENST00000429799,ENST00000429799.1
ENSG00000243643,ENSG00000243643.1,ENST00000450910,ENST00000450910.1
ENSG00000225685,ENSG00000225685.1,ENST00000456541,ENST00000456541.1
ENSG00000225685,ENSG00000225685.1,ENST00000426936,ENST00000426936.1
ENSG00000278478,ENSG00000278478.1,ENST00000430032,ENST00000430032.3
ENSG00000251766,ENSG00000251766.1,ENST00000515957,ENST00000515957.1
ENSG00000252289,ENSG00000252289.1,ENST00000516480,ENST00000516480.1
ENSG00000231411,ENSG00000231411.1,ENST00000446466,ENST00000446466.1
ENSG00000226061,ENSG00000226061.1,ENST00000455560,ENST00000455560.1
ENSG00000237447,ENSG00000237447.1,ENST00000425026,ENST00000425026.1
ENSG00000225840,ENSG00000225840.2,ENST00000445125,ENST00000445125.2
ENSG00000251705,ENSG00000251705.1,ENST00000515896,ENST00000515896.1
ENSG00000273858,ENSG00000273858.1,ENST00000622087,ENST00000622087.1
ENSG00000273693,ENSG00000273693.1,ENST00000618128,ENST00000618128.1
ENSG00000271365,ENSG00000271365.1,ENST00000605663,ENST00000605663.1
ENSG00000271309,ENSG00000271309.1,ENST00000604370,ENST00000604370.1
ENSG00000270570,ENSG00000270570.1,ENST00000603467,ENST00000603467.1
ENSG00000274231,ENSG00000274231.1,ENST00000619901,ENST00000619901.1
ENSG00000278212,ENSG00000278212.2,ENST00000620700,ENST00000620700.2
ENSG00000278212,ENSG00000278212.2,ENST00000652671,ENST00000652671.1
ENSG00000278212,ENSG00000278212.2,ENST00000651211,ENST00000651211.1
ENSG00000274502,ENSG00000274502.1,ENST00000618763,ENST00000618763.1
ENSG00000274162,ENSG00000274162.1,ENST00000616231,ENST00000616231.1
ENSG00000258567,ENSG00000258567.1,ENST00000555130,ENST00000555130.1
ENSG00000259154,ENSG00000259154.1,ENST00000557360,ENST00000557360.1
ENSG00000259029,ENSG00000259029.1,ENST00000553347,ENST00000553347.1
ENSG00000258991,ENSG00000258991.1,ENST00000557448,ENST00000557448.1
ENSG00000270455,ENSG00000270455.1,ENST00000603738,ENST00000603738.1
ENSG00000183704,ENSG00000183704.7,ENST00000331172,ENST00000331172.7
ENSG00000270242,ENSG00000270242.1,ENST00000605584,ENST00000605584.1
ENSG00000275828,ENSG00000275828.1,ENST00000614446,ENST00000614446.1
ENSG00000225433,ENSG00000225433.3,ENST00000455231,ENST00000455231.3
ENSG00000224567,ENSG00000224567.2,ENST00000426062,ENST00000426062.2
ENSG00000271375,ENSG00000271375.1,ENST00000604178,ENST00000604178.1
ENSG00000234385,ENSG00000234385.1,ENST00000452257,ENST00000452257.1
ENSG00000215583,ENSG00000215583.3,ENST00000421118,ENST00000421118.1
ENSG00000235649,ENSG00000235649.2,ENST00000420610,ENST00000420610.1
ENSG00000206159,ENSG00000206159.11,ENST00000651802,ENST00000651802.1
ENSG00000206159,ENSG00000206159.11,ENST00000651835,ENST00000651835.1
ENSG00000206159,ENSG00000206159.11,ENST00000382966,ENST00000382966.5
ENSG00000206159,ENSG00000206159.11,ENST00000493160,ENST00000493160.5
ENSG00000206159,ENSG00000206159.11,ENST00000357871,ENST00000357871.6
ENSG00000206159,ENSG00000206159.11,ENST00000382963,ENST00000382963.5
ENSG00000206159,ENSG00000206159.11,ENST00000382965,ENST00000382965.2
ENSG00000236477,ENSG00000236477.1,ENST00000438550,ENST00000438550.1
ENSG00000232226,ENSG00000232226.2,ENST00000398758,ENST00000398758.2
ENSG00000243980,ENSG00000243980.3,ENST00000488394,ENST00000488394.3
ENSG00000232730,ENSG00000232730.1,ENST00000435433,ENST00000435433.1
ENSG00000224060,ENSG00000224060.3,ENST00000420443,ENST00000420443.1
ENSG00000224060,ENSG00000224060.3,ENST00000430152,ENST00000430152.1
ENSG00000225117,ENSG00000225117.2,ENST00000443820,ENST00000443820.2
ENSG00000227447,ENSG00000227447.1,ENST00000381172,ENST00000381172.3
ENSG00000114374,ENSG00000114374.13,ENST00000457658,ENST00000457658.6
ENSG00000114374,ENSG00000114374.13,ENST00000440408,ENST00000440408.5
ENSG00000114374,ENSG00000114374.13,ENST00000651177,ENST00000651177.1
ENSG00000114374,ENSG00000114374.13,ENST00000417071,ENST00000417071.1
ENSG00000114374,ENSG00000114374.13,ENST00000338981,ENST00000338981.7
ENSG00000114374,ENSG00000114374.13,ENST00000493168,ENST00000493168.1
ENSG00000114374,ENSG00000114374.13,ENST00000426564,ENST00000426564.6
ENSG00000114374,ENSG00000114374.13,ENST00000453031,ENST00000453031.1
ENSG00000114374,ENSG00000114374.13,ENST00000471409,ENST00000471409.1
ENSG00000226863,ENSG00000226863.1,ENST00000434773,ENST00000434773.1
ENSG00000233774,ENSG00000233774.1,ENST00000430517,ENST00000430517.1
ENSG00000286009,ENSG00000286009.2,ENST00000652216,ENST00000652216.1
ENSG00000286009,ENSG00000286009.2,ENST00000651143,ENST00000651143.2
ENSG00000286009,ENSG00000286009.2,ENST00000662422,ENST00000662422.1
ENSG00000286009,ENSG00000286009.2,ENST00000656670,ENST00000656670.1
ENSG00000228411,ENSG00000228411.1,ENST00000418290,ENST00000418290.1
ENSG00000067048,ENSG00000067048.17,ENST00000360160,ENST00000360160.8
ENSG00000067048,ENSG00000067048.17,ENST00000454054,ENST00000454054.5
ENSG00000067048,ENSG00000067048.17,ENST00000336079,ENST00000336079.8
ENSG00000067048,ENSG00000067048.17,ENST00000493363,ENST00000493363.1
ENSG00000067048,ENSG00000067048.17,ENST00000440554,ENST00000440554.1
ENSG00000067048,ENSG00000067048.17,ENST00000469101,ENST00000469101.1
ENSG00000067048,ENSG00000067048.17,ENST00000472510,ENST00000472510.5
ENSG00000067048,ENSG00000067048.17,ENST00000463199,ENST00000463199.1
ENSG00000067048,ENSG00000067048.17,ENST00000495478,ENST00000495478.1
ENSG00000234059,ENSG00000234059.1,ENST00000412870,ENST00000412870.1
ENSG00000224035,ENSG00000224035.1,ENST00000446621,ENST00000446621.1
ENSG00000235462,ENSG00000235462.1,ENST00000452645,ENST00000452645.1
ENSG00000235462,ENSG00000235462.1,ENST00000439217,ENST00000439217.1
ENSG00000223915,ENSG00000223915.1,ENST00000428060,ENST00000428060.1
ENSG00000183878,ENSG00000183878.15,ENST00000331397,ENST00000331397.8
ENSG00000183878,ENSG00000183878.15,ENST00000624098,ENST00000624098.3
ENSG00000183878,ENSG00000183878.15,ENST00000362096,ENST00000362096.8
ENSG00000183878,ENSG00000183878.15,ENST00000329134,ENST00000329134.9
ENSG00000183878,ENSG00000183878.15,ENST00000478900,ENST00000478900.5
ENSG00000183878,ENSG00000183878.15,ENST00000474365,ENST00000474365.1
ENSG00000183878,ENSG00000183878.15,ENST00000382893,ENST00000382893.2
ENSG00000183878,ENSG00000183878.15,ENST00000479713,ENST00000479713.1
ENSG00000183878,ENSG00000183878.15,ENST00000538878,ENST00000538878.5
ENSG00000183878,ENSG00000183878.15,ENST00000540140,ENST00000540140.5
ENSG00000183878,ENSG00000183878.15,ENST00000382896,ENST00000382896.8
ENSG00000183878,ENSG00000183878.15,ENST00000537580,ENST00000537580.5
ENSG00000183878,ENSG00000183878.15,ENST00000545955,ENST00000545955.5
ENSG00000183878,ENSG00000183878.15,ENST00000617789,ENST00000617789.4
ENSG00000183878,ENSG00000183878.15,ENST00000618474,ENST00000618474.4
ENSG00000183878,ENSG00000183878.15,ENST00000612274,ENST00000612274.4
ENSG00000215414,ENSG00000215414.4,ENST00000400275,ENST00000400275.2
ENSG00000154620,ENSG00000154620.6,ENST00000284856,ENST00000284856.4
ENSG00000241859,ENSG00000241859.7,ENST00000652544,ENST00000652544.1
ENSG00000241859,ENSG00000241859.7,ENST00000472227,ENST00000472227.5
ENSG00000241859,ENSG00000241859.7,ENST00000430079,ENST00000430079.5
ENSG00000241859,ENSG00000241859.7,ENST00000460561,ENST00000460561.1
ENSG00000129864,ENSG00000129864.6,ENST00000250825,ENST00000250825.4
ENSG00000129862,ENSG00000129862.7,ENST00000250823,ENST00000250823.5
ENSG00000235451,ENSG00000235451.1,ENST00000458328,ENST00000458328.1
ENSG00000223517,ENSG00000223517.1,ENST00000435111,ENST00000435111.1
ENSG00000165246,ENSG00000165246.14,ENST00000643089,ENST00000643089.1
ENSG00000165246,ENSG00000165246.14,ENST00000471252,ENST00000471252.1
ENSG00000165246,ENSG00000165246.14,ENST00000382872,ENST00000382872.5
ENSG00000165246,ENSG00000165246.14,ENST00000355905,ENST00000355905.6
ENSG00000165246,ENSG00000165246.14,ENST00000382868,ENST00000382868.5
ENSG00000165246,ENSG00000165246.14,ENST00000476359,ENST00000476359.1
ENSG00000165246,ENSG00000165246.14,ENST00000645399,ENST00000645399.1
ENSG00000165246,ENSG00000165246.14,ENST00000481089,ENST00000481089.1
ENSG00000165246,ENSG00000165246.14,ENST00000339174,ENST00000339174.9
ENSG00000165246,ENSG00000165246.14,ENST00000413217,ENST00000413217.1
ENSG00000226555,ENSG00000226555.1,ENST00000455254,ENST00000455254.1
ENSG00000228787,ENSG00000228787.1,ENST00000434164,ENST00000434164.1
ENSG00000236131,ENSG00000236131.1,ENST00000428342,ENST00000428342.1
ENSG00000227949,ENSG00000227949.1,ENST00000423569,ENST00000423569.1
ENSG00000224518,ENSG00000224518.2,ENST00000427212,ENST00000427212.2
ENSG00000234620,ENSG00000234620.1,ENST00000421058,ENST00000421058.1
ENSG00000227166,ENSG00000227166.1,ENST00000412493,ENST00000412493.1
ENSG00000252689,ENSG00000252689.1,ENST00000516880,ENST00000516880.1
ENSG00000252173,ENSG00000252173.1,ENST00000516364,ENST00000516364.1
ENSG00000252323,ENSG00000252323.1,ENST00000516514,ENST00000516514.1
ENSG00000286201,ENSG00000286201.1,ENST00000651678,ENST00000651678.1
ENSG00000228518,ENSG00000228518.1,ENST00000451854,ENST00000451854.1
ENSG00000271595,ENSG00000271595.1,ENST00000604289,ENST00000604289.1
ENSG00000224989,ENSG00000224989.2,ENST00000421205,ENST00000421205.2
ENSG00000283076,ENSG00000283076.1,ENST00000635343,ENST00000635343.1
ENSG00000228578,ENSG00000228578.1,ENST00000422712,ENST00000422712.1
ENSG00000230663,ENSG00000230663.1,ENST00000458667,ENST00000458667.1
ENSG00000252315,ENSG00000252315.1,ENST00000516506,ENST00000516506.1
ENSG00000252012,ENSG00000252012.1,ENST00000516203,ENST00000516203.1
ENSG00000273966,ENSG00000273966.1,ENST00000615048,ENST00000615048.1
ENSG00000238191,ENSG00000238191.3,ENST00000435012,ENST00000435012.1
ENSG00000226353,ENSG00000226353.1,ENST00000445421,ENST00000445421.1
ENSG00000275578,ENSG00000275578.1,ENST00000618226,ENST00000618226.1
ENSG00000226449,ENSG00000226449.1,ENST00000411487,ENST00000411487.1
ENSG00000225896,ENSG00000225896.1,ENST00000425789,ENST00000425789.1
ENSG00000224166,ENSG00000224166.1,ENST00000412474,ENST00000412474.1
ENSG00000229129,ENSG00000229129.1,ENST00000415776,ENST00000415776.1
ENSG00000250868,ENSG00000250868.4,ENST00000624960,ENST00000624960.1
ENSG00000250868,ENSG00000250868.4,ENST00000510392,ENST00000510392.1
ENSG00000223555,ENSG00000223555.1,ENST00000455085,ENST00000455085.1
ENSG00000235521,ENSG00000235521.1,ENST00000418455,ENST00000418455.1
ENSG00000252513,ENSG00000252513.1,ENST00000516704,ENST00000516704.1
ENSG00000224964,ENSG00000224964.1,ENST00000443200,ENST00000443200.1
ENSG00000226011,ENSG00000226011.1,ENST00000411756,ENST00000411756.1
ENSG00000225740,ENSG00000225740.1,ENST00000429066,ENST00000429066.1
ENSG00000129873,ENSG00000129873.7,ENST00000544303,ENST00000544303.1
ENSG00000129873,ENSG00000129873.7,ENST00000382867,ENST00000382867.4
ENSG00000229138,ENSG00000229138.1,ENST00000413320,ENST00000413320.1
ENSG00000224485,ENSG00000224485.1,ENST00000436723,ENST00000436723.1
ENSG00000226116,ENSG00000226116.1,ENST00000413550,ENST00000413550.1
ENSG00000237558,ENSG00000237558.1,ENST00000429883,ENST00000429883.1
ENSG00000233378,ENSG00000233378.1,ENST00000453983,ENST00000453983.1
ENSG00000237616,ENSG00000237616.1,ENST00000452432,ENST00000452432.1
ENSG00000224033,ENSG00000224033.1,ENST00000428380,ENST00000428380.1
ENSG00000182415,ENSG00000182415.10,ENST00000250838,ENST00000250838.6
ENSG00000182415,ENSG00000182415.10,ENST00000426790,ENST00000426790.1
ENSG00000230412,ENSG00000230412.1,ENST00000458706,ENST00000458706.1
ENSG00000226611,ENSG00000226611.2,ENST00000421895,ENST00000421895.2
ENSG00000225895,ENSG00000225895.1,ENST00000440676,ENST00000440676.1
ENSG00000233120,ENSG00000233120.1,ENST00000442391,ENST00000442391.1
ENSG00000252166,ENSG00000252166.1,ENST00000516357,ENST00000516357.1
ENSG00000232744,ENSG00000232744.1,ENST00000430287,ENST00000430287.1
ENSG00000244646,ENSG00000244646.4,ENST00000442362,ENST00000442362.2
ENSG00000244646,ENSG00000244646.4,ENST00000623874,ENST00000623874.1
ENSG00000229465,ENSG00000229465.1,ENST00000425411,ENST00000425411.1
ENSG00000231311,ENSG00000231311.1,ENST00000416652,ENST00000416652.1
ENSG00000236599,ENSG00000236599.1,ENST00000436067,ENST00000436067.1
ENSG00000232899,ENSG00000232899.1,ENST00000451397,ENST00000451397.1
ENSG00000229302,ENSG00000229302.1,ENST00000454958,ENST00000454958.1
ENSG00000228945,ENSG00000228945.3,ENST00000426660,ENST00000426660.1
ENSG00000233522,ENSG00000233522.1,ENST00000419557,ENST00000419557.1
ENSG00000278391,ENSG00000278391.1,ENST00000614353,ENST00000614353.1
ENSG00000251953,ENSG00000251953.1,ENST00000516144,ENST00000516144.1
ENSG00000252667,ENSG00000252667.1,ENST00000516858,ENST00000516858.1
ENSG00000249726,ENSG00000249726.1,ENST00000503144,ENST00000503144.1
ENSG00000282909,ENSG00000282909.2,ENST00000634531,ENST00000634531.1
ENSG00000282909,ENSG00000282909.2,ENST00000641637,ENST00000641637.1
ENSG00000226362,ENSG00000226362.2,ENST00000458627,ENST00000458627.2
ENSG00000225716,ENSG00000225716.1,ENST00000443934,ENST00000443934.1
ENSG00000229406,ENSG00000229406.1,ENST00000455273,ENST00000455273.1
ENSG00000227494,ENSG00000227494.2,ENST00000430663,ENST00000430663.2
ENSG00000252209,ENSG00000252209.1,ENST00000516400,ENST00000516400.1
ENSG00000249634,ENSG00000249634.1,ENST00000511770,ENST00000511770.1
ENSG00000251510,ENSG00000251510.1,ENST00000510613,ENST00000510613.1
ENSG00000238067,ENSG00000238067.1,ENST00000423438,ENST00000423438.1
ENSG00000233546,ENSG00000233546.1,ENST00000451909,ENST00000451909.1
ENSG00000230377,ENSG00000230377.1,ENST00000439968,ENST00000439968.1
ENSG00000250951,ENSG00000250951.1,ENST00000513521,ENST00000513521.1
ENSG00000172468,ENSG00000172468.14,ENST00000307393,ENST00000307393.3
ENSG00000172468,ENSG00000172468.14,ENST00000309834,ENST00000309834.8
ENSG00000172468,ENSG00000172468.14,ENST00000338876,ENST00000338876.8
ENSG00000172468,ENSG00000172468.14,ENST00000382856,ENST00000382856.2
ENSG00000230458,ENSG00000230458.1,ENST00000446387,ENST00000446387.1
ENSG00000131007,ENSG00000131007.9,ENST00000545582,ENST00000545582.2
ENSG00000131007,ENSG00000131007.9,ENST00000433794,ENST00000433794.5
ENSG00000240438,ENSG00000240438.2,ENST00000447585,ENST00000447585.1
ENSG00000235479,ENSG00000235479.1,ENST00000415230,ENST00000415230.1
ENSG00000249606,ENSG00000249606.1,ENST00000509650,ENST00000509650.1
ENSG00000242153,ENSG00000242153.7,ENST00000451061,ENST00000451061.5
ENSG00000242153,ENSG00000242153.7,ENST00000432335,ENST00000432335.1
ENSG00000169953,ENSG00000169953.12,ENST00000344884,ENST00000344884.4
ENSG00000169953,ENSG00000169953.12,ENST00000491902,ENST00000491902.1
ENSG00000169953,ENSG00000169953.12,ENST00000382852,ENST00000382852.1
ENSG00000169953,ENSG00000169953.12,ENST00000304790,ENST00000304790.3
ENSG00000236429,ENSG00000236429.1,ENST00000432046,ENST00000432046.1
ENSG00000176728,ENSG00000176728.10,ENST00000505047,ENST00000505047.2
ENSG00000176728,ENSG00000176728.10,ENST00000651734,ENST00000651734.1
ENSG00000176728,ENSG00000176728.10,ENST00000650923,ENST00000650923.1
ENSG00000176728,ENSG00000176728.10,ENST00000652699,ENST00000652699.1
ENSG00000176728,ENSG00000176728.10,ENST00000651396,ENST00000651396.1
ENSG00000176728,ENSG00000176728.10,ENST00000651886,ENST00000651886.1
ENSG00000176728,ENSG00000176728.10,ENST00000667260,ENST00000667260.1
ENSG00000176728,ENSG00000176728.10,ENST00000650897,ENST00000650897.1
ENSG00000176728,ENSG00000176728.10,ENST00000651032,ENST00000651032.1
ENSG00000176728,ENSG00000176728.10,ENST00000652153,ENST00000652153.1
ENSG00000176728,ENSG00000176728.10,ENST00000652348,ENST00000652348.1
ENSG00000176728,ENSG00000176728.10,ENST00000324446,ENST00000324446.3
ENSG00000176728,ENSG00000176728.10,ENST00000660026,ENST00000660026.1
ENSG00000176728,ENSG00000176728.10,ENST00000663061,ENST00000663061.1
ENSG00000176728,ENSG00000176728.10,ENST00000669716,ENST00000669716.1
ENSG00000176728,ENSG00000176728.10,ENST00000670243,ENST00000670243.1
ENSG00000176728,ENSG00000176728.10,ENST00000670354,ENST00000670354.1
ENSG00000176728,ENSG00000176728.10,ENST00000657901,ENST00000657901.1
ENSG00000176728,ENSG00000176728.10,ENST00000664804,ENST00000664804.1
ENSG00000176728,ENSG00000176728.10,ENST00000667640,ENST00000667640.1
ENSG00000176728,ENSG00000176728.10,ENST00000454875,ENST00000454875.2
ENSG00000176728,ENSG00000176728.10,ENST00000667262,ENST00000667262.1
ENSG00000176728,ENSG00000176728.10,ENST00000658318,ENST00000658318.1
ENSG00000176728,ENSG00000176728.10,ENST00000656768,ENST00000656768.1
ENSG00000176728,ENSG00000176728.10,ENST00000651355,ENST00000651355.1
ENSG00000176728,ENSG00000176728.10,ENST00000669869,ENST00000669869.1
ENSG00000176728,ENSG00000176728.10,ENST00000452584,ENST00000452584.5
ENSG00000176728,ENSG00000176728.10,ENST00000651286,ENST00000651286.1
ENSG00000176728,ENSG00000176728.10,ENST00000667617,ENST00000667617.1
ENSG00000176728,ENSG00000176728.10,ENST00000331787,ENST00000331787.2
ENSG00000176728,ENSG00000176728.10,ENST00000667450,ENST00000667450.1
ENSG00000176728,ENSG00000176728.10,ENST00000447937,ENST00000447937.1
ENSG00000176728,ENSG00000176728.10,ENST00000610801,ENST00000610801.1
ENSG00000249501,ENSG00000249501.1,ENST00000504503,ENST00000504503.1
ENSG00000228193,ENSG00000228193.1,ENST00000428070,ENST00000428070.1
ENSG00000248573,ENSG00000248573.1,ENST00000514804,ENST00000514804.1
ENSG00000230904,ENSG00000230904.1,ENST00000432915,ENST00000432915.1
ENSG00000238135,ENSG00000238135.1,ENST00000454868,ENST00000454868.1
ENSG00000224151,ENSG00000224151.1,ENST00000435142,ENST00000435142.1
ENSG00000251970,ENSG00000251970.1,ENST00000516161,ENST00000516161.1
ENSG00000238088,ENSG00000238088.1,ENST00000454643,ENST00000454643.1
ENSG00000217179,ENSG00000217179.1,ENST00000407745,ENST00000407745.1
ENSG00000217896,ENSG00000217896.2,ENST00000403487,ENST00000403487.2
ENSG00000185275,ENSG00000185275.6,ENST00000382840,ENST00000382840.3
ENSG00000252766,ENSG00000252766.1,ENST00000516957,ENST00000516957.1
ENSG00000274282,ENSG00000274282.1,ENST00000615809,ENST00000615809.1
ENSG00000234529,ENSG00000234529.2,ENST00000431768,ENST00000431768.2
ENSG00000215580,ENSG00000215580.11,ENST00000441139,ENST00000441139.5
ENSG00000215580,ENSG00000215580.11,ENST00000400605,ENST00000400605.5
ENSG00000215580,ENSG00000215580.11,ENST00000650676,ENST00000650676.1
ENSG00000215580,ENSG00000215580.11,ENST00000513194,ENST00000513194.1
ENSG00000215580,ENSG00000215580.11,ENST00000651484,ENST00000651484.1
ENSG00000131002,ENSG00000131002.12,ENST00000407724,ENST00000407724.7
ENSG00000131002,ENSG00000131002.12,ENST00000459719,ENST00000459719.6
ENSG00000131002,ENSG00000131002.12,ENST00000447520,ENST00000447520.5
ENSG00000131002,ENSG00000131002.12,ENST00000445715,ENST00000445715.6
ENSG00000131002,ENSG00000131002.12,ENST00000538014,ENST00000538014.2
ENSG00000131002,ENSG00000131002.12,ENST00000447202,ENST00000447202.2
ENSG00000131002,ENSG00000131002.12,ENST00000588613,ENST00000588613.5
ENSG00000131002,ENSG00000131002.12,ENST00000589075,ENST00000589075.5
ENSG00000131002,ENSG00000131002.12,ENST00000585549,ENST00000585549.5
ENSG00000131002,ENSG00000131002.12,ENST00000587095,ENST00000587095.1
ENSG00000131002,ENSG00000131002.12,ENST00000488280,ENST00000488280.1
ENSG00000131002,ENSG00000131002.12,ENST00000253320,ENST00000253320.8
ENSG00000131002,ENSG00000131002.12,ENST00000593000,ENST00000593000.1
ENSG00000131002,ENSG00000131002.12,ENST00000592697,ENST00000592697.1
ENSG00000267793,ENSG00000267793.1,ENST00000586015,ENST00000586015.1
ENSG00000260197,ENSG00000260197.1,ENST00000566193,ENST00000566193.1
ENSG00000012817,ENSG00000012817.16,ENST00000469599,ENST00000469599.6
ENSG00000012817,ENSG00000012817.16,ENST00000317961,ENST00000317961.9
ENSG00000012817,ENSG00000012817.16,ENST00000541639,ENST00000541639.5
ENSG00000012817,ENSG00000012817.16,ENST00000382806,ENST00000382806.6
ENSG00000012817,ENSG00000012817.16,ENST00000492117,ENST00000492117.1
ENSG00000012817,ENSG00000012817.16,ENST00000440077,ENST00000440077.5
ENSG00000012817,ENSG00000012817.16,ENST00000415360,ENST00000415360.1
ENSG00000012817,ENSG00000012817.16,ENST00000485154,ENST00000485154.1
ENSG00000012817,ENSG00000012817.16,ENST00000478891,ENST00000478891.1
ENSG00000012817,ENSG00000012817.16,ENST00000447300,ENST00000447300.1
ENSG00000288049,ENSG00000288049.1,ENST00000653234,ENST00000653234.1
ENSG00000288049,ENSG00000288049.1,ENST00000652994,ENST00000652994.1
ENSG00000274837,ENSG00000274837.1,ENST00000616477,ENST00000616477.1
ENSG00000237997,ENSG00000237997.1,ENST00000422174,ENST00000422174.1
ENSG00000232522,ENSG00000232522.1,ENST00000450781,ENST00000450781.1
ENSG00000228764,ENSG00000228764.1,ENST00000420174,ENST00000420174.1
ENSG00000229236,ENSG00000229236.3,ENST00000455084,ENST00000455084.1
ENSG00000229236,ENSG00000229236.3,ENST00000651837,ENST00000651837.1
ENSG00000229236,ENSG00000229236.3,ENST00000666666,ENST00000666666.1
ENSG00000229236,ENSG00000229236.3,ENST00000670518,ENST00000670518.1
ENSG00000229236,ENSG00000229236.3,ENST00000666990,ENST00000666990.1
ENSG00000229236,ENSG00000229236.3,ENST00000661812,ENST00000661812.1
ENSG00000229236,ENSG00000229236.3,ENST00000654569,ENST00000654569.1
ENSG00000229236,ENSG00000229236.3,ENST00000662223,ENST00000662223.1
ENSG00000229236,ENSG00000229236.3,ENST00000657696,ENST00000657696.1
ENSG00000229236,ENSG00000229236.3,ENST00000660111,ENST00000660111.1
ENSG00000229236,ENSG00000229236.3,ENST00000658891,ENST00000658891.1
ENSG00000229236,ENSG00000229236.3,ENST00000667496,ENST00000667496.1
ENSG00000229236,ENSG00000229236.3,ENST00000659275,ENST00000659275.1
ENSG00000277438,ENSG00000277438.1,ENST00000622542,ENST00000622542.1
ENSG00000198692,ENSG00000198692.10,ENST00000361365,ENST00000361365.7
ENSG00000198692,ENSG00000198692.10,ENST00000465253,ENST00000465253.1
ENSG00000198692,ENSG00000198692.10,ENST00000382772,ENST00000382772.3
ENSG00000198692,ENSG00000198692.10,ENST00000464196,ENST00000464196.5
ENSG00000198692,ENSG00000198692.10,ENST00000485584,ENST00000485584.1
ENSG00000286247,ENSG00000286247.1,ENST00000651369,ENST00000651369.1
ENSG00000225624,ENSG00000225624.1,ENST00000440297,ENST00000440297.1
ENSG00000280969,ENSG00000280969.2,ENST00000629237,ENST00000629237.2
ENSG00000224482,ENSG00000224482.1,ENST00000415994,ENST00000415994.1
ENSG00000216844,ENSG00000216844.1,ENST00000406090,ENST00000406090.1
ENSG00000229551,ENSG00000229551.2,ENST00000449858,ENST00000449858.2
ENSG00000226504,ENSG00000226504.1,ENST00000423409,ENST00000423409.1
ENSG00000254488,ENSG00000254488.1,ENST00000527562,ENST00000527562.1
ENSG00000237427,ENSG00000237427.1,ENST00000418578,ENST00000418578.1
ENSG00000232634,ENSG00000232634.1,ENST00000436364,ENST00000436364.1
ENSG00000226918,ENSG00000226918.1,ENST00000437359,ENST00000437359.1
ENSG00000183146,ENSG00000183146.4,ENST00000382764,ENST00000382764.1
ENSG00000223637,ENSG00000223637.7,ENST00000456360,ENST00000456360.5
ENSG00000223637,ENSG00000223637.7,ENST00000444169,ENST00000444169.1
ENSG00000236615,ENSG00000236615.1,ENST00000428616,ENST00000428616.1
ENSG00000288057,ENSG00000288057.1,ENST00000660183,ENST00000660183.1
ENSG00000237269,ENSG00000237269.1,ENST00000451162,ENST00000451162.1
ENSG00000169849,ENSG00000169849.8,ENST00000303979,ENST00000303979.7
ENSG00000169811,ENSG00000169811.8,ENST00000382759,ENST00000382759.2
ENSG00000242393,ENSG00000242393.1,ENST00000456659,ENST00000456659.1
ENSG00000242875,ENSG00000242875.6,ENST00000383020,ENST00000383020.7
ENSG00000242875,ENSG00000242875.6,ENST00000382639,ENST00000382639.7
ENSG00000242875,ENSG00000242875.6,ENST00000619219,ENST00000619219.1
ENSG00000234414,ENSG00000234414.7,ENST00000382707,ENST00000382707.6
ENSG00000234414,ENSG00000234414.7,ENST00000361046,ENST00000361046.4
ENSG00000234414,ENSG00000234414.7,ENST00000439108,ENST00000439108.6
ENSG00000234414,ENSG00000234414.7,ENST00000303902,ENST00000303902.9
ENSG00000228257,ENSG00000228257.1,ENST00000452426,ENST00000452426.1
ENSG00000184991,ENSG00000184991.3,ENST00000652128,ENST00000652128.1
ENSG00000184991,ENSG00000184991.3,ENST00000330337,ENST00000330337.2
ENSG00000271123,ENSG00000271123.1,ENST00000604924,ENST00000604924.1
ENSG00000226042,ENSG00000226042.1,ENST00000452415,ENST00000452415.1
ENSG00000237023,ENSG00000237023.1,ENST00000434481,ENST00000434481.1
ENSG00000229416,ENSG00000229416.1,ENST00000441913,ENST00000441913.1
ENSG00000230029,ENSG00000230029.1,ENST00000447168,ENST00000447168.1
ENSG00000277519,ENSG00000277519.1,ENST00000620993,ENST00000620993.1
ENSG00000286187,ENSG00000286187.1,ENST00000651708,ENST00000651708.1
ENSG00000229725,ENSG00000229725.1,ENST00000414540,ENST00000414540.1
ENSG00000244395,ENSG00000244395.6,ENST00000382653,ENST00000382653.6
ENSG00000244395,ENSG00000244395.6,ENST00000382680,ENST00000382680.5
ENSG00000244395,ENSG00000244395.6,ENST00000418956,ENST00000418956.2
ENSG00000251618,ENSG00000251618.1,ENST00000509611,ENST00000509611.1
ENSG00000242389,ENSG00000242389.8,ENST00000358944,ENST00000358944.8
ENSG00000242389,ENSG00000242389.8,ENST00000382659,ENST00000382659.6
ENSG00000242389,ENSG00000242389.8,ENST00000382658,ENST00000382658.5
ENSG00000227444,ENSG00000227444.1,ENST00000426983,ENST00000426983.1
ENSG00000226092,ENSG00000226092.4,ENST00000445405,ENST00000445405.1
ENSG00000237968,ENSG00000237968.1,ENST00000426526,ENST00000426526.1
ENSG00000231159,ENSG00000231159.1,ENST00000449148,ENST00000449148.1
ENSG00000232475,ENSG00000232475.1,ENST00000453726,ENST00000453726.1
ENSG00000229553,ENSG00000229553.1,ENST00000444617,ENST00000444617.1
ENSG00000228850,ENSG00000228850.1,ENST00000440679,ENST00000440679.1
ENSG00000232029,ENSG00000232029.1,ENST00000442090,ENST00000442090.1
ENSG00000169807,ENSG00000169807.10,ENST00000303804,ENST00000303804.5
ENSG00000169807,ENSG00000169807.10,ENST00000472391,ENST00000472391.1
ENSG00000236951,ENSG00000236951.5,ENST00000417910,ENST00000417910.5
ENSG00000236951,ENSG00000236951.5,ENST00000419158,ENST00000419158.1
ENSG00000131548,ENSG00000131548.7,ENST00000253848,ENST00000253848.3
ENSG00000169800,ENSG00000169800.14,ENST00000303766,ENST00000303766.12
ENSG00000169800,ENSG00000169800.14,ENST00000481858,ENST00000481858.1
ENSG00000169800,ENSG00000169800.14,ENST00000454978,ENST00000454978.2
ENSG00000229159,ENSG00000229159.1,ENST00000440136,ENST00000440136.1
ENSG00000225615,ENSG00000225615.1,ENST00000453474,ENST00000453474.1
ENSG00000229234,ENSG00000229234.1,ENST00000423480,ENST00000423480.1
ENSG00000215560,ENSG00000215560.2,ENST00000400581,ENST00000400581.2
ENSG00000229940,ENSG00000229940.1,ENST00000427496,ENST00000427496.1
ENSG00000243040,ENSG00000243040.6,ENST00000303922,ENST00000303922.7
ENSG00000243040,ENSG00000243040.6,ENST00000420346,ENST00000420346.1
ENSG00000259247,ENSG00000259247.1,ENST00000558356,ENST00000558356.1
ENSG00000237902,ENSG00000237902.1,ENST00000433481,ENST00000433481.1
ENSG00000226941,ENSG00000226941.8,ENST00000470460,ENST00000470460.1
ENSG00000226941,ENSG00000226941.8,ENST00000250831,ENST00000250831.5
ENSG00000235059,ENSG00000235059.5,ENST00000446299,ENST00000446299.5
ENSG00000235059,ENSG00000235059.5,ENST00000439653,ENST00000439653.1
ENSG00000131538,ENSG00000131538.7,ENST00000253838,ENST00000253838.3
ENSG00000169789,ENSG00000169789.10,ENST00000303728,ENST00000303728.5
ENSG00000169789,ENSG00000169789.10,ENST00000477123,ENST00000477123.1
ENSG00000234131,ENSG00000234131.1,ENST00000439309,ENST00000439309.1
ENSG00000224873,ENSG00000224873.1,ENST00000445813,ENST00000445813.1
ENSG00000230814,ENSG00000230814.1,ENST00000434374,ENST00000434374.1
ENSG00000228571,ENSG00000228571.1,ENST00000432672,ENST00000432672.1
ENSG00000230476,ENSG00000230476.1,ENST00000417699,ENST00000417699.1
ENSG00000273589,ENSG00000273589.1,ENST00000612840,ENST00000612840.1
ENSG00000224657,ENSG00000224657.9,ENST00000451071,ENST00000451071.5
ENSG00000224657,ENSG00000224657.9,ENST00000400578,ENST00000400578.2
ENSG00000224917,ENSG00000224917.1,ENST00000434179,ENST00000434179.1
ENSG00000230727,ENSG00000230727.1,ENST00000424230,ENST00000424230.1
ENSG00000228240,ENSG00000228240.1,ENST00000416110,ENST00000416110.1
ENSG00000276829,ENSG00000276829.1,ENST00000613297,ENST00000613297.1
ENSG00000215537,ENSG00000215537.3,ENST00000442535,ENST00000442535.1
ENSG00000226906,ENSG00000226906.1,ENST00000436568,ENST00000436568.1
ENSG00000183753,ENSG00000183753.10,ENST00000602732,ENST00000602732.5
ENSG00000183753,ENSG00000183753.10,ENST00000331070,ENST00000331070.8
ENSG00000183753,ENSG00000183753.10,ENST00000602818,ENST00000602818.2
ENSG00000183753,ENSG00000183753.10,ENST00000382585,ENST00000382585.2
ENSG00000244000,ENSG00000244000.1,ENST00000422002,ENST00000422002.1
ENSG00000232764,ENSG00000232764.1,ENST00000436338,ENST00000436338.1
ENSG00000233126,ENSG00000233126.3,ENST00000428264,ENST00000428264.1
ENSG00000227251,ENSG00000227251.1,ENST00000438459,ENST00000438459.1
ENSG00000188120,ENSG00000188120.14,ENST00000405239,ENST00000405239.5
ENSG00000188120,ENSG00000188120.14,ENST00000466332,ENST00000466332.1
ENSG00000188120,ENSG00000188120.14,ENST00000382510,ENST00000382510.8
ENSG00000188120,ENSG00000188120.14,ENST00000540248,ENST00000540248.5
ENSG00000188120,ENSG00000188120.14,ENST00000620725,ENST00000620725.1
ENSG00000188120,ENSG00000188120.14,ENST00000426000,ENST00000426000.6
ENSG00000205944,ENSG00000205944.11,ENST00000382449,ENST00000382449.5
ENSG00000205944,ENSG00000205944.11,ENST00000382440,ENST00000382440.5
ENSG00000205944,ENSG00000205944.11,ENST00000382433,ENST00000382433.4
ENSG00000205944,ENSG00000205944.11,ENST00000382306,ENST00000382306.6
ENSG00000205944,ENSG00000205944.11,ENST00000449947,ENST00000449947.5
ENSG00000205944,ENSG00000205944.11,ENST00000382294,ENST00000382294.6
ENSG00000205944,ENSG00000205944.11,ENST00000382424,ENST00000382424.8
ENSG00000205944,ENSG00000205944.11,ENST00000382431,ENST00000382431.8
ENSG00000205944,ENSG00000205944.11,ENST00000400493,ENST00000400493.6
ENSG00000205936,ENSG00000205936.3,ENST00000416956,ENST00000416956.1
ENSG00000251925,ENSG00000251925.1,ENST00000516116,ENST00000516116.1
ENSG00000286744,ENSG00000286744.1,ENST00000662956,ENST00000662956.1
ENSG00000225189,ENSG00000225189.1,ENST00000422655,ENST00000422655.1
ENSG00000230073,ENSG00000230073.1,ENST00000444350,ENST00000444350.1
ENSG00000215540,ENSG00000215540.10,ENST00000448575,ENST00000448575.5
ENSG00000215540,ENSG00000215540.10,ENST00000458444,ENST00000458444.1
ENSG00000236647,ENSG00000236647.1,ENST00000444014,ENST00000444014.1
ENSG00000225466,ENSG00000225466.1,ENST00000434110,ENST00000434110.1
ENSG00000224169,ENSG00000224169.1,ENST00000445573,ENST00000445573.1
ENSG00000223407,ENSG00000223407.1,ENST00000425912,ENST00000425912.1
ENSG00000226873,ENSG00000226873.1,ENST00000431260,ENST00000431260.1
ENSG00000227915,ENSG00000227915.1,ENST00000444494,ENST00000444494.1
ENSG00000169763,ENSG00000169763.15,ENST00000343584,ENST00000343584.10
ENSG00000236620,ENSG00000236620.1,ENST00000442113,ENST00000442113.1
ENSG00000224866,ENSG00000224866.1,ENST00000457708,ENST00000457708.1
ENSG00000232424,ENSG00000232424.1,ENST00000445112,ENST00000445112.1
ENSG00000252681,ENSG00000252681.1,ENST00000516872,ENST00000516872.1
ENSG00000232910,ENSG00000232910.1,ENST00000449393,ENST00000449393.1
ENSG00000232845,ENSG00000232845.1,ENST00000434556,ENST00000434556.1
ENSG00000237302,ENSG00000237302.1,ENST00000418213,ENST00000418213.1
ENSG00000231540,ENSG00000231540.1,ENST00000418624,ENST00000418624.1
ENSG00000223362,ENSG00000223362.1,ENST00000421995,ENST00000421995.1
ENSG00000231026,ENSG00000231026.1,ENST00000414395,ENST00000414395.1
ENSG00000224571,ENSG00000224571.1,ENST00000417797,ENST00000417797.1
ENSG00000226369,ENSG00000226369.1,ENST00000427537,ENST00000427537.1
ENSG00000280961,ENSG00000280961.1,ENST00000631331,ENST00000631331.1
ENSG00000227871,ENSG00000227871.1,ENST00000450481,ENST00000450481.1
ENSG00000251917,ENSG00000251917.1,ENST00000516108,ENST00000516108.1
ENSG00000231423,ENSG00000231423.1,ENST00000437794,ENST00000437794.1
ENSG00000228465,ENSG00000228465.1,ENST00000415662,ENST00000415662.1
ENSG00000232585,ENSG00000232585.1,ENST00000427963,ENST00000427963.1
ENSG00000234081,ENSG00000234081.1,ENST00000440624,ENST00000440624.1
ENSG00000172352,ENSG00000172352.5,ENST00000306882,ENST00000306882.4
ENSG00000172352,ENSG00000172352.5,ENST00000382407,ENST00000382407.1
ENSG00000231375,ENSG00000231375.1,ENST00000414121,ENST00000414121.1
ENSG00000237467,ENSG00000237467.1,ENST00000435696,ENST00000435696.1
ENSG00000229250,ENSG00000229250.1,ENST00000431405,ENST00000431405.1
ENSG00000232205,ENSG00000232205.1,ENST00000438294,ENST00000438294.1
ENSG00000235981,ENSG00000235981.2,ENST00000445264,ENST00000445264.1
ENSG00000223698,ENSG00000223698.3,ENST00000417252,ENST00000417252.2
ENSG00000242854,ENSG00000242854.1,ENST00000441091,ENST00000441091.1
ENSG00000230977,ENSG00000230977.1,ENST00000418278,ENST00000418278.1
ENSG00000244231,ENSG00000244231.1,ENST00000306853,ENST00000306853.1
ENSG00000172342,ENSG00000172342.5,ENST00000418188,ENST00000418188.1
ENSG00000284071,ENSG00000284071.1,ENST00000624333,ENST00000624333.2
ENSG00000239533,ENSG00000239533.6,ENST00000423852,ENST00000423852.4
ENSG00000239533,ENSG00000239533.6,ENST00000398377,ENST00000398377.4
ENSG00000274234,ENSG00000274234.1,ENST00000485099,ENST00000485099.3
ENSG00000225491,ENSG00000225491.1,ENST00000433767,ENST00000433767.1
ENSG00000224827,ENSG00000224827.1,ENST00000413372,ENST00000413372.1
ENSG00000233740,ENSG00000233740.1,ENST00000420675,ENST00000420675.1
ENSG00000248792,ENSG00000248792.2,ENST00000509776,ENST00000509776.2
ENSG00000279274,ENSG00000279274.2,ENST00000624575,ENST00000624575.2
ENSG00000234399,ENSG00000234399.1,ENST00000447471,ENST00000447471.1
ENSG00000227439,ENSG00000227439.1,ENST00000441906,ENST00000441906.1
ENSG00000224210,ENSG00000224210.1,ENST00000413946,ENST00000413946.1
ENSG00000232003,ENSG00000232003.2,ENST00000443152,ENST00000443152.1
ENSG00000235412,ENSG00000235412.1,ENST00000420149,ENST00000420149.1
ENSG00000183795,ENSG00000183795.8,ENST00000602770,ENST00000602770.5
ENSG00000183795,ENSG00000183795.8,ENST00000382392,ENST00000382392.5
ENSG00000183795,ENSG00000183795.8,ENST00000602549,ENST00000602549.1
ENSG00000183795,ENSG00000183795.8,ENST00000615850,ENST00000615850.1
ENSG00000240566,ENSG00000240566.1,ENST00000432862,ENST00000432862.1
ENSG00000232976,ENSG00000232976.1,ENST00000425589,ENST00000425589.1
ENSG00000226270,ENSG00000226270.3,ENST00000416040,ENST00000416040.1
ENSG00000227837,ENSG00000227837.1,ENST00000445313,ENST00000445313.1
ENSG00000187191,ENSG00000187191.14,ENST00000382365,ENST00000382365.6
ENSG00000187191,ENSG00000187191.14,ENST00000446723,ENST00000446723.4
ENSG00000187191,ENSG00000187191.14,ENST00000315357,ENST00000315357.9
ENSG00000205916,ENSG00000205916.11,ENST00000449750,ENST00000449750.7
ENSG00000205916,ENSG00000205916.11,ENST00000382314,ENST00000382314.6
ENSG00000205916,ENSG00000205916.11,ENST00000634662,ENST00000634662.1
ENSG00000205916,ENSG00000205916.11,ENST00000382296,ENST00000382296.4
ENSG00000205916,ENSG00000205916.11,ENST00000415508,ENST00000415508.6
ENSG00000205916,ENSG00000205916.11,ENST00000440066,ENST00000440066.6
ENSG00000205916,ENSG00000205916.11,ENST00000382432,ENST00000382432.9
ENSG00000278602,ENSG00000278602.1,ENST00000616864,ENST00000616864.1
ENSG00000223978,ENSG00000223978.1,ENST00000440402,ENST00000440402.1
ENSG00000278197,ENSG00000278197.1,ENST00000618453,ENST00000618453.1
ENSG00000230819,ENSG00000230819.1,ENST00000451173,ENST00000451173.1
ENSG00000185894,ENSG00000185894.8,ENST00000382287,ENST00000382287.5
ENSG00000185894,ENSG00000185894.8,ENST00000602559,ENST00000602559.5
ENSG00000185894,ENSG00000185894.8,ENST00000602680,ENST00000602680.1
ENSG00000185894,ENSG00000185894.8,ENST00000618574,ENST00000618574.1
ENSG00000228296,ENSG00000228296.1,ENST00000456123,ENST00000456123.1
ENSG00000236379,ENSG00000236379.2,ENST00000454995,ENST00000454995.1
ENSG00000274899,ENSG00000274899.1,ENST00000619436,ENST00000619436.1
ENSG00000223641,ENSG00000223641.2,ENST00000421387,ENST00000421387.2
ENSG00000227633,ENSG00000227633.1,ENST00000423333,ENST00000423333.1
ENSG00000279115,ENSG00000279115.2,ENST00000624491,ENST00000624491.2
ENSG00000228786,ENSG00000228786.5,ENST00000427373,ENST00000427373.5
ENSG00000228786,ENSG00000228786.5,ENST00000611754,ENST00000611754.1
ENSG00000233652,ENSG00000233652.1,ENST00000416803,ENST00000416803.1
ENSG00000233944,ENSG00000233944.1,ENST00000447588,ENST00000447588.1
ENSG00000223636,ENSG00000223636.1,ENST00000413867,ENST00000413867.1
ENSG00000172297,ENSG00000172297.7,ENST00000416946,ENST00000416946.1
ENSG00000278242,ENSG00000278242.1,ENST00000606439,ENST00000606439.2
ENSG00000284380,ENSG00000284380.1,ENST00000623198,ENST00000623198.2
ENSG00000172294,ENSG00000172294.7,ENST00000333235,ENST00000333235.3
ENSG00000240450,ENSG00000240450.1,ENST00000306641,ENST00000306641.1
ENSG00000239304,ENSG00000239304.1,ENST00000419538,ENST00000419538.1
ENSG00000233619,ENSG00000233619.1,ENST00000437571,ENST00000437571.1
ENSG00000197092,ENSG00000197092.5,ENST00000441780,ENST00000441780.1
ENSG00000235583,ENSG00000235583.2,ENST00000421819,ENST00000421819.1
ENSG00000237823,ENSG00000237823.1,ENST00000411668,ENST00000411668.1
ENSG00000229709,ENSG00000229709.1,ENST00000424581,ENST00000424581.1
ENSG00000232064,ENSG00000232064.1,ENST00000412220,ENST00000412220.1
ENSG00000225609,ENSG00000225609.1,ENST00000447528,ENST00000447528.1
ENSG00000172288,ENSG00000172288.7,ENST00000361963,ENST00000361963.3
ENSG00000172288,ENSG00000172288.7,ENST00000306609,ENST00000306609.4
ENSG00000270535,ENSG00000270535.1,ENST00000604436,ENST00000604436.1
ENSG00000225287,ENSG00000225287.1,ENST00000431179,ENST00000431179.1
ENSG00000225256,ENSG00000225256.1,ENST00000426293,ENST00000426293.1
ENSG00000223856,ENSG00000223856.1,ENST00000443911,ENST00000443911.1
ENSG00000235004,ENSG00000235004.1,ENST00000430729,ENST00000430729.1
ENSG00000252426,ENSG00000252426.1,ENST00000516617,ENST00000516617.1
ENSG00000231141,ENSG00000231141.1,ENST00000417334,ENST00000417334.1
ENSG00000232614,ENSG00000232614.1,ENST00000429406,ENST00000429406.1
ENSG00000225326,ENSG00000225326.1,ENST00000412165,ENST00000412165.1
ENSG00000223406,ENSG00000223406.1,ENST00000449659,ENST00000449659.1
ENSG00000229343,ENSG00000229343.1,ENST00000451423,ENST00000451423.1
ENSG00000232695,ENSG00000232695.1,ENST00000414751,ENST00000414751.1
ENSG00000235511,ENSG00000235511.1,ENST00000420889,ENST00000420889.1
ENSG00000232914,ENSG00000232914.1,ENST00000421750,ENST00000421750.1
ENSG00000223655,ENSG00000223655.1,ENST00000412737,ENST00000412737.1
ENSG00000230854,ENSG00000230854.1,ENST00000419224,ENST00000419224.1
ENSG00000252625,ENSG00000252625.1,ENST00000516816,ENST00000516816.1
ENSG00000227635,ENSG00000227635.1,ENST00000420603,ENST00000420603.1
ENSG00000237546,ENSG00000237546.1,ENST00000440468,ENST00000440468.1
ENSG00000172283,ENSG00000172283.10,ENST00000306589,ENST00000306589.7
ENSG00000227867,ENSG00000227867.1,ENST00000436690,ENST00000436690.1
ENSG00000231716,ENSG00000231716.1,ENST00000451661,ENST00000451661.1
ENSG00000234744,ENSG00000234744.1,ENST00000421008,ENST00000421008.1
ENSG00000233156,ENSG00000233156.1,ENST00000437934,ENST00000437934.1
ENSG00000234888,ENSG00000234888.1,ENST00000411536,ENST00000411536.1
ENSG00000215507,ENSG00000215507.10,ENST00000448881,ENST00000448881.5
ENSG00000215507,ENSG00000215507.10,ENST00000400476,ENST00000400476.2
ENSG00000235014,ENSG00000235014.1,ENST00000439103,ENST00000439103.1
ENSG00000225876,ENSG00000225876.1,ENST00000426199,ENST00000426199.1
ENSG00000251796,ENSG00000251796.1,ENST00000515987,ENST00000515987.1
ENSG00000229238,ENSG00000229238.3,ENST00000367272,ENST00000367272.4
ENSG00000252948,ENSG00000252948.1,ENST00000517139,ENST00000517139.1
ENSG00000233843,ENSG00000233843.1,ENST00000417124,ENST00000417124.1
ENSG00000188399,ENSG00000188399.5,ENST00000344424,ENST00000344424.4
ENSG00000277146,ENSG00000277146.1,ENST00000619329,ENST00000619329.1
ENSG00000215506,ENSG00000215506.5,ENST00000258589,ENST00000258589.8
ENSG00000224240,ENSG00000224240.1,ENST00000420810,ENST00000420810.1
ENSG00000227629,ENSG00000227629.1,ENST00000456738,ENST00000456738.1
ENSG00000237917,ENSG00000237917.1,ENST00000435945,ENST00000435945.1
ENSG00000231514,ENSG00000231514.1,ENST00000435741,ENST00000435741.1
ENSG00000235857,ENSG00000235857.1,ENST00000431853,ENST00000431853.1
