"","Symbol","time","subject","Residuals"
"1","PSMC3IP",0.16969120497785,0.161153616570698,0.669155178451452
"2","PDK1",0.495377062496976,0.110020602660509,0.394602334842515
"3","HIC1",0.161505594693738,0,0.838494405306262
"4","EXOC6B",0.217405252218232,0.409060733916153,0.373534013865616
"5","MAN1B1-DT",0.233934377767643,0.158392521238604,0.607673100993753
"6","SSPN",0.231171105236993,0.0416553009607187,0.727173593802288
"7","COL15A1",0.145859383823768,0.147107494710021,0.707033121466211
"8","ARL4A",0.199721376895458,0.438070836194539,0.362207786910004
"9","CCL2",0.171479553768683,0.237543574674631,0.590976871556685
"10","MT1E",0.341215798807608,0.237767179226695,0.421017021965697
"11","ZDHHC16",0.284509544135819,0.0124149708622023,0.703075485001979
"12","PPM1J",0.323532677307907,0.177656899735835,0.498810422956258
"13","SLAMF7",0.267574410828608,0.307613377396783,0.42481221177461
"14","PDZD2",0.37028075666005,0.302140639499992,0.327578603839958
"15","ZMYND12",0.115895750619851,0.0309312634190756,0.853172985961074
"16","SLC27A1",0.27890648087874,0.268086666180929,0.453006852940331
"17","CCDC9B",0.251206821934638,0.399465118695852,0.349328059369511
"18","HSP90AA1",0.30720588461595,0.408751828621244,0.284042286762806
"19","SEPT9",0.253564964390251,0.337753052422288,0.408681983187462
"20","APOM",0.179853244210285,0.132281090797207,0.687865664992508
"21","AP2A2",0.523756266979346,0.142720927384268,0.333522805636386
"22","COL13A1",0.0959148147259808,0.487125514235362,0.416959671038657
"23","DHODH",0.0821183661012591,0.0598564965258415,0.858025137372899
"24","SP110",0.281520323544468,0.259126067811909,0.459353608643623
"25","DUSP2",0.144588357848298,0.304358087891459,0.551053554260243
"26","STYXL1",0.313329292943918,0.28330704983834,0.403363657217743
"27","TRMT1L",0.187032578420758,0.335903370480439,0.477064051098803
"28","AR",0.204958184379379,0.494439490648462,0.300602324972159
"29","HNRNPH3",0.545134502096527,0.144864370941847,0.310001126961626
"30","OMA1",0.294838806654078,0.125740511668943,0.579420681676979
"31","MINPP1",0.184538668832801,0.408510388794941,0.406950942372258
"32","ATF7IP",0.368087050361848,0.438767837219429,0.193145112418723
"33","CMTM1",0.270902415651036,0.377816952756896,0.351280631592067
"34","PLA2G4A",0.0901083746350303,0.299522402058599,0.610369223306371
"35","PRR15L",0.131190125363328,0.563472486776323,0.305337387860349
"36","C1orf74",0.250638402728676,0.245975786532752,0.503385810738572
"37","IFRD1",0.314098388244012,0.172140044519909,0.513761567236079
"38","BCL3",0.214368652631805,0.462409014143034,0.323222333225161
"39","RBM4",0.162324392658699,0.0741156069097215,0.76356000043158
"40","ZNF767P",0.0702122879347633,0.00394683595183602,0.925840876113401
"41","JPT1",0.360078896309853,0.240446227946138,0.399474875744008
"42","CDR2",0.117137773179468,0.0853174925705883,0.797544734249944
"43","PLAU",0.33899191049832,0.327570261527713,0.333437827973967
"44","AQP1",0.239625309804999,0.250825778407576,0.509548911787425
"45","ELL3",0.591173308826454,0.210581216898677,0.198245474274869
"46","GPER1",0.338173629688022,0.238030905956508,0.42379546435547
"47","LDLR",0.366353384035661,0.14414814341731,0.489498472547029
"48","BRCA1",0.299503035346459,0.117120073048205,0.583376891605335
"49","POLA1",0.60517416795742,0.103639903113722,0.291185928928858
"50","MFAP1",0.118225483241294,0.146739577172447,0.735034939586259
"51","PCDHGA12",0.285842606562942,0.0223477433855059,0.691809650051552
"52","C2orf42",0.382240823149645,0.00850410645812577,0.609255070392229
"53","SH3BP5L",0.274488691160878,0.354906175666697,0.370605133172425
"54","GEMIN6",0.0924839424534057,0.070550922445042,0.836965135101552
"55","DHCR24",0.425048123228076,0.310053276565979,0.264898600205945
"56","ARG2",0.0957793062706912,0.188294764244763,0.715925929484546
"57","DAPK2",0.0589202402205213,0.148044652147914,0.793035107631565
"58","CHTF8",0.105908828595531,0.318411363569549,0.57567980783492
"59","TNC",0.0236896788282221,0.128196366091736,0.848113955080042
"60","ERO1A",0.328721478912501,0.334431016768686,0.336847504318814
"61","ING2",0.377518872879247,0.17514407134648,0.447337055774273
"62","F13A1",0.0379903734814321,0.181878926875687,0.780130699642881
"63","NT5C3B",0.106343610699148,0.270302514031724,0.623353875269128
"64","NT5DC3",0.132401455077953,0,0.867598544922047
"65","PMEPA1",0.35003929502562,0.0785625381149041,0.571398166859476
"66","HS3ST1",0.0780154379017298,0.331598128730313,0.590386433367957
"67","ZSCAN32",0.0790097684994145,0.15017124941091,0.770818982089675
"68","NFYB",0.105372991033281,0.12944713259472,0.765179876371999
"69","LRRC8C",0.34761897763878,0.187883071947584,0.464497950413635
"70","DDIT4",0.193003135953335,0.156678082214408,0.650318781832258
"71","LRRC56",0.29787508885855,0.317410184526614,0.384714726614836
"72","RIBC2",0.129392541667543,0.281329733318871,0.589277725013586
"73","APCDD1",0.282375925703088,0.0244748321877941,0.693149242109118
"74","CYP4B1",0.61779930769548,0.19158693676502,0.1906137555395
"75","ACTR3",0.475164709335231,0.222682243943533,0.302153046721237
"76","SAP30",0.114471215094862,0.224829142783018,0.660699642122119
"77","C17orf80",0.0735377688134336,0.00164691995690718,0.924815311229659
"78","DPH5",0.185741967952132,0.13855045396672,0.675707578081148
"79","PDK4",0.179572119979976,0.23782056019219,0.582607319827834
"80","RGS2",0.110007722368643,0.153691101535815,0.736301176095542
"81","COL1A2",0.097007591788338,0.344714152734687,0.558278255476975
"82","ZNF485",0.311977426217054,0.138388620992432,0.549633952790514
"83","RAD52",0.375374674450021,0.048323571406494,0.576301754143485
"84","INTS13",0.053539039701202,0.0057167524593571,0.940744207839441
"85","MAF",0.441512586489447,0.228958939339401,0.329528474171152
"86","IRX4",0.15762209425249,0.474258059627735,0.368119846119776
"87","CCDC142",0.325901320874938,0.167147171028014,0.506951508097048
"88","DXO",0.144812377864368,0.0983325611587976,0.756855060976834
"89","EZR",0.330568806733842,0.334980725844943,0.334450467421215
"90","DPF3",0.108222610074854,0.235945856979435,0.655831532945712
"91","NR4A3",0.130247538593042,0.46126117689731,0.408491284509648
"92","LINC02076",0.159499630244575,0.0918192690413142,0.748681100714111
"93","KCTD1",0.450436814184594,0.216281660344137,0.333281525471269
"94","TFRC",0.311899872953872,0.224628205652083,0.463471921394045
"95","FANCL",0.397917426903952,0.106762279042148,0.495320294053899
"96","NECTIN3",0.212348586955862,0.190707850192025,0.596943562852114
"97","JRKL",0.0988053398857481,0.260195631536718,0.640999028577534
"98","TMEM63A",0.385556446537127,0.152780483563834,0.461663069899039
"99","GHRL",0.262479146949725,0.149217985158422,0.588302867891853
"100","HPX",0.0813548564944963,0.491895518104948,0.426749625400555
"101","ANKRD13B",0.100930336361621,0.105119724663572,0.793949938974807
"102","RIPK3",0.0908740461511324,0.291508403874116,0.617617549974752
"103","CNTNAP3P2",0.360661175309548,0.042884568151929,0.596454256538523
"104","WDFY4",0.10158990791397,0.180852892052596,0.717557200033434
"105","MOSPD2",0.0682820895522808,0.476662187008928,0.455055723438792
"106","ORAI3",0.149733901034571,0.494003881324841,0.356262217640588
"107","RAB27A",0.243508117458042,0.128455830160027,0.628036052381931
"108","FLCN",0.218807730006133,0.150212825624928,0.630979444368939
"109","C4orf36",0.244591849836509,0.224118406537745,0.531289743625745
"110","ADAMTS1",0.209702966961801,0.0789110912395396,0.711385941798659
"111","FAM24B",0.269185479177796,0.0624672109957796,0.668347309826425
"112","ZNF528",0.159235724070601,0.118562889708897,0.722201386220502
"113","GJA1",0.326109045433705,0.159674126219725,0.51421682834657
"114","TLR5",0.332955180847155,0.0843103717551971,0.582734447397648
"115","NSMCE1",0.0561927039214306,0.157821750043491,0.785985546035078
"116","IQCN",0.309492371667075,0.346675002947242,0.343832625385683
"117","SCAMP5",0.102642166815197,0.132313854276585,0.765043978908218
"118","PIGF",0.49195113392708,0.0523948700694583,0.455653996003462
"119","CHST3",0.155583429503102,0.234377631247725,0.610038939249173
"120","SCLY",0.271283384008391,0.142711358294115,0.586005257697495
"121","XKRX",0.151137580173484,0.128412297555918,0.720450122270597
"122","C1QTNF3",0.15881125842995,0.0205022038876749,0.820686537682375
"123","ACYP1",0.261231683660291,0.0257475522175244,0.713020764122184
"124","EYA2",0.0698191114163267,0.597779404738859,0.332401483844814
"125","TRNAU1AP",0.0691357595735808,0.135531423469371,0.795332816957048
"126","SLAMF8",0.226817030863241,0.224033149532116,0.549149819604642
"127","LAMP3",0.121050579935372,0.532445299688419,0.346504120376208
"128","KBTBD3",0.0970493774271002,0.0374034449441128,0.865547177628787
"129","CNGA1",0.267080940292823,0.189008976674596,0.543910083032581
"130","MAGEH1",0.150889479842996,0.051303135225965,0.797807384931039
"131","ITPRIP",0.191536810867052,0.32793461141989,0.480528577713058
"132","RAB4B",0.124706423880123,0.137309487652414,0.737984088467463
"133","UBE2T",0.0979502770113777,0.0976414064670459,0.804408316521576
"134","LRTOMT",0.054900216269211,0.0948217267459541,0.850278056984835
"135","CAD",0.0972680644706171,0.191841640073376,0.710890295456007
"136","VWF",0.129387137193883,0.0198881908362105,0.850724671969907
"137","TMEM138",0.0565962955758662,0.163351089403348,0.780052615020786
"138","SORCS2",0.0867589369175481,0.464292938399373,0.448948124683079
"139","UBXN8",0.139503347805712,0.117429012068458,0.74306764012583
"140","TTC39A",0.15004569846005,0.0256962371650201,0.82425806437493
"141","TIMELESS",0.0984190161547101,0.077964047565886,0.823616936279404
"142","MED18",0.0368561591654176,0.2664436110798,0.696700229754782
"143","ADK",0.550588740175713,0.00798415057187766,0.441427109252409
"144","GAL3ST4",0.241273321478414,0.30129601407477,0.457430664446816
"145","EPHA1",0.146408705720057,0.290387466225525,0.563203828054418
"146","HAS3",0.353076555531743,0.165495362227944,0.481428082240313
"147","BRD8",0.465241302860536,0.129984470305752,0.404774226833712
"148","MT1F",0.138301374736282,0.186972217723449,0.674726407540269
"149","KCNN4",0.372497858945334,0.273250581172337,0.354251559882328
"150","DOCK4",0.0522433127918468,0.385692872411913,0.56206381479624
"151","MPI",0.137650761233087,0.213938652116127,0.648410586650786
"152","ARHGEF16",0.18147884987288,0.110764311794701,0.707756838332419
"153","TIGD7",0.39458331660752,0.255724981271684,0.349691702120796
"154","PLEKHA1",0.475946586852476,0.196740806531065,0.327312606616458
"155","LINC00339",0.0441840745470735,0.196981838202799,0.758834087250127
"156","MYB",0.358648473108601,0.207823434834848,0.433528092056552
"157","SLC16A13",0.46222943416935,0.245473005770098,0.292297560060552
"158","IPO13",0.122919527671737,0.27001414351287,0.607066328815393
"159","TTC32",0.567544093377585,0.205437706957175,0.22701819966524
"160","ZMYM1",0.0657620099284423,0.333678194847503,0.600559795224055
"161","DCLRE1A",0.125273433132938,0.10611435955821,0.768612207308852
"162","RAB11FIP3",0.322818206044979,0.310301973625712,0.366879820329308
"163","VILL",0.301592131760241,0.14828706261629,0.550120805623469
"164","ACCS",0.0812266418858022,0.376237182697498,0.542536175416699
"165","KLF9",0.226044456178767,0.379824821640982,0.394130722180251
"166","NAGA",0.0621865069563369,0.0886281479445505,0.849185345099113
"167","FZD10",0.433888712782228,0.247429490917887,0.318681796299885
"168","ZNF550",0.028197580074213,0.108267569594,0.863534850331787
"169","HSPD1",0.357094582241874,0.183189962634241,0.459715455123885
"170","KRCC1",0.044532637884632,0.205716065581276,0.749751296534092
"171","NAIP",0.0737659560627049,0.654806631073361,0.271427412863934
"172","KLHL35",0.161035627582013,0.232636154636035,0.606328217781952
"173","IPMK",0.266597474476453,0.121886459027242,0.611516066496305
"174","ASB2",0.150892126303921,0.153164574755678,0.695943298940401
"175","CCDC22",0.0256723540988168,0.024980306143138,0.949347339758045
"176","JUNB",0.0596459053300042,0.268704377526903,0.671649717143093
"177","TGFB1",0.160597934818987,0.360759160514071,0.478642904666941
"178","MET",0.375047736921819,0.188429077237908,0.436523185840273
"179","SYNE4",0.232482057660067,0.154573388910504,0.612944553429429
"180","EGR1",0.30049448780653,0.0515947300561637,0.647910782137306
"181","UBL7",0.133630934804051,0.0660541721935826,0.800314893002366
"182","A2M",0.0949259897979498,0.198034135744891,0.70703987445716
"183","MT1M",0.306450431697107,0.346706813881986,0.346842754420908
"184","DTL",0.100024581125466,0.140693441877758,0.759281976996776
"185","GLIPR1L2",0.265759828927322,0.262658324695438,0.47158184637724
"186","SEPT8",0.146147049624145,0.240527859951597,0.613325090424258
"187","SLC6A10P",0.0952329866615746,2.48249238037527e-15,0.904767013338423
"188","HNRNPLL",0.219275834913057,0.0478446898488266,0.732879475238117
"189","BCDIN3D",0.304730802018932,0.120726458660066,0.574542739321002
"190","KYAT1",0.122357277613931,0.198183684712776,0.679459037673292
"191","ZNF449",0.0968031483754373,0.182727508688975,0.720469342935587
"192","SLC39A10",0.193109951606763,0,0.806890048393237
"193","GARNL3",0.101752206812249,0.00278983106602565,0.895457962121726
"194","EFCC1",0.0904550873066446,0.141175575231493,0.768369337461862
"195","ASPA",0.148233635764737,0.310462629067891,0.541303735167372
"196","DET1",0.377119009180088,0,0.622880990819912
"197","HIST1H1D",0.289413602633786,0.400473957784843,0.310112439581371
"198","IL1RL2",0.213511428166158,0.176042549614475,0.610446022219366
"199","HENMT1",0.355673614846333,0.230952809987979,0.413373575165689
"200","CNTNAP3",0.543199847031479,0.114599196183451,0.34220095678507
"201","TMCC2",0.208653623037826,0.282098688910263,0.509247688051911
"202","C10orf95",0.167422927374388,0.123420812359549,0.709156260266063
"203","NECTIN1",0.464278189681446,0.278368419498434,0.257353390820121
"204","TEF",0.13204525021599,0.258340030794115,0.609614718989894
"205","SLC16A10",0.221875026161703,0.206144353655528,0.571980620182769
"206","TEX261",0.166461914854779,0,0.833538085145221
"207","IGSF9",0.403436725996589,0.188459063887835,0.408104210115576
"208","GNG11",0.0765786792161162,0.283600756584091,0.639820564199793
"209","CSTF2",0.435948814254927,0.0976957591924706,0.466355426552602
"210","CHRNA10",0.237468569439816,0.0931434776407944,0.66938795291939
"211","ITFG2",0.0909027270518834,0.0263853904514504,0.882711882496666
"212","QPRT",0.142185452426368,0.377428135571383,0.48038641200225
"213","BTD",0.146227904305808,0.267286251021664,0.586485844672528
"214","C1orf210",0.0433768433217864,0.0357167776761799,0.920906379002034
"215","ZNF436-AS1",0.17584250232653,0.160249568199955,0.663907929473515
"216","GINS2",0.121152972526606,0.215946322967864,0.66290070450553
"217","C1R",0.130331061690504,0.0655509685170176,0.804117969792478
"218","LINC00174",0.20708890160533,0.211038335532461,0.581872762862209
"219","MPEG1",0.106006242132138,0.33618484883616,0.557808909031702
"220","ZBTB16",0.63621234513518,0.0414053684293961,0.322382286435424
"221","PDGFRA",0.0136679875246778,0.000184935564353624,0.986147076910969
"222","ZBTB2",0.213366409000158,0.235938542819824,0.550695048180018
"223","STX1A",0.325484650658334,0.0206297522172468,0.653885597124419
"224","FAM221A",0.231309655467012,0.215838736409147,0.552851608123841
"225","RAD51D",0.136808807101221,0.0866034096810029,0.776587783217776
"226","TAPT1",0.182314437602244,0.35268781664265,0.464997745755106
"227","KLF2",0.350016592165625,0.132881160991542,0.517102246842833
"228","FAM124B",0.287987082146389,0.0536140603754855,0.658398857478126
"229","MTFP1",0.162813427892589,0.147219666947295,0.689966905160116
"230","ZMYND8",0.129876860735681,0.207460736080294,0.662662403184024
"231","TMOD4",0.0198496731832794,0,0.980150326816721
"232","MGAT4A",0.297173432646931,0.0478007984282332,0.655025768924836
"233","RCCD1",0.181873667359651,0.254039900687834,0.564086431952515
"234","MKKS",0.102508506123732,0,0.897491493876268
"235","C5",0.25879965329967,0.184414224850774,0.556786121849556
"236","PLEKHO2",0.0821161362741414,0,0.917883863725859
"237","CLEC3B",0.348013400225534,0.154265650990095,0.497720948784371
"238","DEFB103B",0.153891385749035,0.403004213823731,0.443104400427234
"239","HCAR2",0.0991007961997413,0.102952960433226,0.797946243367033
"240","ZNF559",0.115512346160091,0.292845651264261,0.591642002575648
"241","B3GNT3",0.0628099214283848,0.714271008027405,0.22291907054421
"242","SRSF7",0.304257442112522,0.177659280244973,0.518083277642504
"243","ELF3",0.100102204093277,0.318713943779813,0.58118385212691
"244","NCDN",0.0896906614315374,0.147182708188707,0.763126630379755
"245","DUSP1",0.473854413141382,0.163847048998876,0.362298537859742
"246","NPR2",0.148965608777887,0.315329379887472,0.535705011334642
"247","DBP",0.275742530084731,0.266437687837799,0.45781978207747
"248","PER3",0.491571483002562,0.0328130931255001,0.475615423871938
"249","NUDT13",0.169878850277817,0.0614665482905937,0.76865460143159
"250","TRMT13",0.0806142466490668,0.143369150252576,0.776016603098357
"251","NFE2",0.162994056698202,0.279842988148723,0.557162955153075
"252","PGAM5",0.121423957405455,0.0310792606496174,0.847496781944927
"253","EFNB3",0.143622058416303,0.275699218154722,0.580678723428975
"254","FANCC",0.263311817659692,0.0141123904757391,0.722575791864568
"255","CHIC2",0.1393989623557,0.255369312460216,0.605231725184084
"256","FMOD",0.0729907381007982,0.431672763282664,0.495336498616537
"257","PABPC1L",0.320449266270146,0.14427962478402,0.535271108945834
"258","CAMTA2",0.144222213646602,0,0.855777786353398
"259","TTC22",0.0817538308596399,0.54227361883213,0.37597255030823
"260","DUOX2",0.301775760005249,0,0.698224239994751
"261","TRMT10B",0.111655279753327,0.262824029651259,0.625520690595414
"262","OGG1",0.346395026742779,0.143204200930813,0.510400772326408
"263","CCL26",0.155366905511428,0.200442253775927,0.644190840712645
"264","SUOX",0.120072673354531,0.321764842349497,0.558162484295972
"265","RRAD",0.142363701457041,0.133915880928232,0.723720417614727
"266","ZNF701",0.22503185319788,0.0721195695655132,0.702848577236607
"267","ACTG1",0.166746229761417,0.432507621463472,0.400746148775111
"268","HSCB",0.0850908530035324,0.107797536757135,0.807111610239333
"269","LIMA1",0.0989358488905581,0.216797203952123,0.684266947157319
"270","ARIH2OS",0.0419869251124599,0.0924414904793677,0.865571584408173
"271","ENO2",0.269868504864757,0.325831373026159,0.404300122109085
"272","TAF1A",0.160403415602897,0.101250960582731,0.738345623814372
"273","FZD5",0.109932283256148,0.0625159061367479,0.827551810607104
"274","GLRX",0.104699851523485,0.467467783607227,0.427832364869288
"275","IGFBP3",0.130943113251517,0.329169023872967,0.539887862875516
"276","TRPV6",0.154178570927628,0.469960644322579,0.375860784749793
"277","NABP1",0.501716812326668,0.0533802606825665,0.444902926990765
"278","WNT10B",0.315756349607562,0.201247122631538,0.4829965277609
"279","AKNA",0.00810441337169556,0,0.991895586628304
"280","GABPB1",0.356780179712202,0.0642978571007723,0.578921963187026
"281","CSF1R",0.153242901176514,0.604660133553916,0.24209696526957
"282","THG1L",0.214832002156651,0.399368565841049,0.385799432002299
"283","CA2",0.356346147107177,0.465687091648396,0.177966761244427
"284","CD1A",0.110330596448177,0.52868822955842,0.360981173993402
"285","ZNF132",0.142034444809793,0.471849516375351,0.386116038814856
"286","TMEM100",0.086828835234579,0.125136398975909,0.788034765789512
"287","PDCD2",0.393492307006933,0.319548774794038,0.28695891819903
"288","ZRANB2",0.425441726616953,0.123056738557062,0.451501534825986
"289","RAET1E",0.249285854881222,0.3829220435472,0.367792101571579
"290","P2RY2",0.519189423308426,0.212089079734135,0.268721496957439
"291","GCDH",0.112239418263335,0.132064421912538,0.755696159824128
"292","CDKN2B",0.221896572201946,0.322212418576644,0.45589100922141
"293","C1QTNF7",0.205956476716289,0,0.794043523283711
"294","RAD50",0.224504074343239,0.218984782945522,0.556511142711238
"295","METTL21A",0.117406040582728,0,0.882593959417272
"296","ADRB2",0.43766219672929,0.141102630911091,0.421235172359619
"297","PER1",0.39440929450115,0.194567106249589,0.411023599249261
"298","GLS",0.530702526682734,0.125854620808379,0.343442852508887
"299","ZDHHC7",0.056393286563875,0.128572002012206,0.815034711423919
"300","PFKP",0.452145029915843,0.372478554255997,0.17537641582816
"301","RNF150",0.0586243442395203,0.095569654099534,0.845806001660946
"302","CEP19",0.131608578390056,0.0439696303316885,0.824421791278256
"303","CCT5",0.0899516834846109,0.135136052701813,0.774912263813576
"304","PTAFR",0.12349597911277,0.290804548531598,0.585699472355632
"305","NPAS2",0.368768310138347,0.14493778731066,0.486293902550993
"306","DEF6",0.167509856407989,0.348937993918796,0.483552149673215
"307","RNF112",0.309139401385534,0.323254966145672,0.367605632468794
"308","ALG2",0.0224780653750602,0.0166456819853868,0.960876252639553
"309","C11orf58",0.610493382209791,0.07478158432079,0.314725033469419
"310","RTP4",0.067415573911934,0.134114905029743,0.798469521058323
"311","TBL1X",0.279992005438814,0.0302390661566024,0.689768928404583
"312","ZBTB49",0.0868428323106035,0.354182711207701,0.558974456481695
"313","HIST2H2AA4",0.160641990366619,0.419811440274652,0.419546569358728
"314","LOC102724951",0.043255064299428,0.644581252132383,0.31216368356819
"315","PHYKPL",0.313359229188352,0,0.686640770811648
"316","DNAJC18",0.0683080402176494,0,0.931691959782351
"317","AUTS2",0.341663343976547,0.39690102430228,0.261435631721173
"318","NAV3",0.120515790786514,0.298138896266175,0.581345312947311
"319","TTC23",0.139524151591981,0.049402750912001,0.811073097496018
"320","NEDD4L",0.165519215768593,0.0338923370498227,0.800588447181584
"321","CXCL12",0.191568861285691,0.18650661756237,0.621924521151939
"322","KDM3A",0.136181996141905,0.0785361798605417,0.785281823997553
"323","ZSCAN29",0.103682532927786,0.0311447507094644,0.865172716362749
"324","PPP2R5B",0.272070735410605,0.207487435373914,0.520441829215482
"325","HMGCR",0.54107318693232,0.0953951949547524,0.363531618112927
"326","NFYA",0.472900910802422,0.0102744540489794,0.516824635148598
"327","FAM161B",0.272729924137349,0.0406195933960599,0.686650482466591
"328","RPUSD3",0.329674185002525,0.3008033293222,0.369522485675275
"329","TRPV4",0.192929244601073,0.453647439773163,0.353423315625764
"330","TUBGCP3",0.376113194565647,0.115674310744071,0.508212494690283
"331","PSPH",0.0504082070706733,0.848977920728784,0.100613872200543
"332","CES4A",0.144894639569438,0.273509402847799,0.581595957582764
"333","ADAM22",0.127624171534629,0,0.872375828465371
"334","COQ5",0.167442384132091,0.140051170212825,0.692506445655084
"335","WDR77",0.23643293775292,0.0160584457443866,0.747508616502693
"336","LINC01547",0.0829565204666695,0,0.917043479533331
"337","TMEM98",0.0735542192138779,0.426614404644153,0.499831376141969
"338","TMTC1",0.119118863386515,0.172166428590537,0.708714708022948
"339","H3F3B",0.338671785743121,0.11797638219241,0.543351832064468
"340","NKD2",0.326599585809214,0.449682382034187,0.223718032156599
"341","HSPA5",0.398273412753094,0.252339959119233,0.349386628127673
"342","HDAC5",0.290613103052187,0.381131889273493,0.32825500767432
"343","ZNF222",0.251944071076946,0.0750143052730474,0.673041623650007
"344","LAMB4",0.267465938256884,0.173252813748853,0.559281247994263
"345","PHLDA2",0.259016313063781,0.0894196364678382,0.651564050468381
"346","ERF",0.0234251833736847,0.432831885694865,0.54374293093145
"347","GPR171",0.0597325151100643,0.33260664173693,0.607660843153005
"348","TBC1D1",0.306936086521641,0.0492592827852062,0.643804630693153
"349","DCD",0.157545792911335,0.439341307944352,0.403112899144312
"350","RXRB",0.0261296731683445,0.204878260739815,0.76899206609184
"351","ZNF438",0.0685425856771431,0.00219541230917284,0.929262002013684
"352","CYBRD1",0.152781403872198,0.592842140949273,0.254376455178528
"353","MCAM",0.00487771495845875,0.0496600620538296,0.945462222987712
"354","ABHD3",0.137248143163725,0.154116912710638,0.708634944125637
"355","SLC24A1",0.14929946201248,0.0538029543084779,0.796897583679042
"356","FN1",0.0688221576554737,0.179476752761902,0.751701089582624
"357","TMEM116",0.458190966608914,0.312216785296684,0.229592248094402
"358","TTC7B",0.184458362374802,0.484358539616296,0.331183098008901
"359","EVL",0.523752788103861,0.186592257835718,0.289654954060421
"360","NSUN5P1",0.334883322891141,0.189115130076428,0.47600154703243
"361","TMEM8B",0.512164847256867,0.144782734443963,0.34305241829917
"362","ANGEL1",0.163820049882838,0.150423735173837,0.685756214943325
"363","ADCY4",0.331522326866861,0.255780414503867,0.412697258629272
"364","PKNOX1",0.260247543103874,0.17545517269344,0.564297284202686
"365","CLUAP1",0.0914423503087741,0.0922314979100648,0.816326151781161
"366","IRX6",0.0869262876678432,0.104223648495135,0.808850063837021
"367","HYKK",0.133806640810025,0.124832495702136,0.741360863487839
"368","ZBTB47",0.447846827924777,0.326017854257909,0.226135317817314
"369","ROR1",0.408735908786872,0.184399200941884,0.406864890271244
"370","NRIP3",0.0340535813941022,0.00127984767029607,0.964666570935602
"371","ZFHX2",0.442543887560026,0.0382767600047751,0.519179352435199
"372","ZKSCAN4",0.0577600391262101,0,0.94223996087379
"373","NEK1",0.215216806449862,0.0223624827028664,0.762420710847271
"374","SPARCL1",0.0845906049044869,0.188061526331335,0.727347868764178
"375","JPT2",0.44668131984337,0.0574465371609344,0.495872142995696
"376","TNFAIP2",0.0525202707996129,0.724674018632167,0.22280571056822
"377","GJB2",0.135313751637185,0.15050939381126,0.714176854551556
"378","DIRAS3",0.0538198812104514,0.116217430102683,0.829962688686866
"379","SEC22C",0.0775621854302279,0.198740298115913,0.723697516453859
"380","LRRC39",0.372799922918534,0.159625231351529,0.467574845729938
"381","IFRD2",0.428015564176001,0.240277309918801,0.331707125905199
"382","LAMC2",0.482500294620985,0.215337953512736,0.302161751866279
"383","ATP6V1E2",0.387207904343738,0.110917368270923,0.501874727385339
"384","GAMT",0.0952681548958779,0.350677802193983,0.554054042910139
"385","FUT2",0.091534835018345,0.541958779775772,0.366506385205883
"386","ARFRP1",0.134428955223625,0.36084724014534,0.504723804631036
"387","CHD1",0.21320624970109,0.252484284820278,0.534309465478632
"388","AP4B1",0.118870994732362,0.163906675909434,0.717222329358205
"389","ZNF540",0.129039900469988,0,0.870960099530012
"390","DCLRE1C",0.196150169413433,0.180924186463802,0.622925644122766
"391","TRMT10A",0.263730814804896,0.157473900814868,0.578795284380235
"392","HEXIM2",0.303597087952043,0.338787954690433,0.357614957357524
"393","LUM",0.0640200722249979,0.22685725292039,0.709122674854612
"394","MED16",0.0829606053193595,0.130446483594837,0.786592911085804
"395","TMEM206",0.130343801855391,0.0407985465509912,0.828857651593617
"396","CHKA",0.304112466946167,0.0753263313669778,0.620561201686855
"397","SLX4IP",0.249980900449551,0.12376883589136,0.626250263659089
"398","CYHR1",0.557965537964944,0.0863105757932471,0.355723886241809
"399","ZDHHC23",0.100556446365354,0.292696731879939,0.606746821754707
"400","FOXN3-AS1",0.523163889815571,0.022373608192204,0.454462501992225
"401","TRIQK",0.128423158057379,0.0708850098968459,0.800691832045775
"402","SLC25A4",0.245815447890964,0.468330765984662,0.285853786124374
"403","PER2",0.250445613614489,0.0778121186695897,0.671742267715921
"404","GUCA1B",0.141996485598498,0.509530939623171,0.348472574778331
"405","DNASE2",0.0184092361855983,0.329587992687021,0.652002771127381
"406","IRS2",0.225358626228055,0.356600948507069,0.418040425264876
"407","CALM1",0.14132027423489,0.0356826060260729,0.822997119739037
"408","PDE4DIP",0.0746098165842657,0.176368222587626,0.749021960828108
"409","ABLIM2",0.241895400550659,0.309208272791621,0.44889632665772
"410","ZCWPW1",0.315661301551359,0.226008703900707,0.458329994547934
"411","ST6GAL1",0.0924963255960085,0.345392349781252,0.56211132462274
"412","DNAL1",0.0960528502356387,0.184402097438004,0.719545052326357
"413","RAD23B",0.419471996620779,0.256266376639264,0.324261626739957
"414","PFN2",0.0604017004404637,0.490711774843093,0.448886524716443
"415","CIART",0.435322413186901,0.265638041709648,0.299039545103451
"416","EMID1",0.129011102789128,0.0576134115493912,0.813375485661481
"417","TNFAIP8L2",0.173482965661637,0.445753302237778,0.380763732100584
"418","ANKAR",0.122340710086543,0.0219935890176456,0.855665700895811
"419","ATF3",0.259760458599322,0.0443781300431479,0.69586141135753
"420","ELOVL6",0.212197289039812,0.354970296736846,0.432832414223342
"421","FAM107B",0.253004939426414,0.394697644809149,0.352297415764437
"422","APTX",0.544941280714718,0.0360710012861738,0.418987717999108
"423","TMEM186",0.0253187831122846,0.0157327035806769,0.958948513307039
"424","CSRNP2",0.0112847587267625,0.102817608255259,0.885897633017979
"425","BCS1L",0.290425470583814,0.0702945444383171,0.639279984977869
"426","LETMD1",0.133399292012048,0.123969038574235,0.742631669413716
"427","LUZP1",0.0957188941716737,0.297665135640124,0.606615970188202
"428","CYP2C18",0.391318282910322,0.303198135594455,0.305483581495223
"429","ZNF513",0.0846828712109403,0.217055469503533,0.698261659285527
"430","ZNF234",0.255180326466716,0.313316531527156,0.431503142006128
"431","TEK",0.0357409252772211,0.0102157678209056,0.954043306901873
"432","BMPR2",0.212945057181672,0.183534680884525,0.603520261933803
"433","FUT8",0.391576503408921,0.00592414200593394,0.602499354585145
"434","RPH3AL",0.276256977703568,0.296544854887568,0.427198167408864
"435","PIGO",0.12537188230485,0.0122871423170713,0.862340975378079
"436","RECQL5",0.413263687873606,0.26932887513339,0.317407436993003
"437","LEAP2",0.133454287940249,0.247531636259704,0.619014075800048
"438","COL8A2",0.233507718014722,0.242584473585738,0.52390780839954
"439","ZC3HC1",0.158376111800881,0.0770057258390264,0.764618162360093
"440","ORM1",0.216833817769989,0.431768650464071,0.351397531765941
"441","NIT1",0.319278011393526,0.176041724940955,0.504680263665519
"442","NPAS1",0.210326501832564,0.421001592347498,0.368671905819938
"443","FUT3",0.0855765461603792,0.318166312369339,0.596257141470282
"444","GABRE",0.429860254954739,0.148905535716938,0.421234209328323
"445","TBCK",0.247977028404119,0.140284611228779,0.611738360367102
"446","TUBG1",0.0214981224184897,0,0.97850187758151
"447","LMO4",0.166989336510681,0.345673040144763,0.487337623344556
"448","PRG2",0.140247440350681,0.132317135930648,0.727435423718671
"449","GALT",0.202896015944327,0.301639843526035,0.495464140529638
"450","SLC24A3",0.339292563746047,0.297937253258522,0.362770182995431
"451","CTSK",0.45261993824744,0.25298898359434,0.294391078158219
"452","TRIM68",0.251371805961963,0.164982122372716,0.583646071665321
"453","ARHGAP25",0.0912348120715076,0.332938319706059,0.575826868222433
"454","PCDHGB2",0.204372080914617,0.0350674153516992,0.760560503733684
"455","HCN3",0.140443699600354,0.193747226896233,0.665809073503413
"456","FBLN1",0.237166598312976,0.365824700293721,0.397008701393303
"457","LRIF1",0.138735405892377,0.252619719639821,0.608644874467802
"458","THBD",0.383727509788524,0.190144478402462,0.426128011809014
"459","DCP2",0.0667844204613896,0.128834099821482,0.804381479717128
"460","LRP4",0.287149992889187,0.363383054423109,0.349466952687705
"461","ZNF70",0.150654204723946,0.152091444879543,0.697254350396511
"462","FBXL14",0.0770733836448113,0.0118704182968933,0.911056198058295
"463","IL10RB",0.0372598640998691,0.169126560175337,0.793613575724794
"464","KCNJ13",0.0850959952308327,0.330095874463582,0.584808130305585
"465","MT1L",0.31089186998584,0.246088053842048,0.443020076172112
"466","VCX2",0.163023044478297,0.444532913183028,0.392444042338675
"467","MGP",0.0683240573782233,0.0858008000275615,0.845875142594215
"468","CSKMT",0.471594464196607,0.0253988917185705,0.503006644084823
"469","RBBP8NL",0.116236511375063,0,0.883763488624937
"470","SEC14L2",0.0995028703827903,0.0924312921459489,0.808065837471261
"471","KLF7",0.0971424703471983,0,0.902857529652802
"472","TFCP2",0.398547341020056,0.323023779516931,0.278428879463013
"473","CKS2",0.199419055058448,0.0420843613390503,0.758496583602502
"474","CEP162",0.0413316647150767,0.0436068353659824,0.915061499918941
"475","NGEF",0.516067977399734,0.144457536371689,0.339474486228577
"476","HSPA14",0.58968133982012,0.0621750956761065,0.348143564503773
"477","HS2ST1",0.0722428435164442,0.206691097358276,0.72106605912528
"478","FJX1",0.253655059274306,0.225665153017663,0.520679787708031
"479","FLRT2",0.41726047298298,0.00986249870378434,0.572877028313236
"480","TP53BP1",0.396419303789073,0.373584943909117,0.22999575230181
"481","RFX3",0.323228858934182,8.35189659054187e-18,0.676771141065818
"482","PRELID3A",0.04979567886214,0.139308765246036,0.810895555891824
"483","B3GNTL1",0.204138624483633,0.0898388369888724,0.706022538527494
"484","TUBGCP6",0.0932423861193633,0.192161749961851,0.714595863918786
"485","SNHG20",0.121390444728283,0.169304606000203,0.709304949271514
"486","ZNF248",0.149679893778734,0.16388773030096,0.686432375920306
"487","SLC5A6",0.110575392025647,0.178520246201039,0.710904361773315
"488","ABCC5",0.362969776125407,0.26895848233964,0.368071741534953
"489","UBTF",0.343472613287955,0.272831600900231,0.383695785811814
"490","USP31",0.144168151320861,0,0.855831848679139
"491","CASP4",0.515552251910954,0.127630099172543,0.356817648916502
"492","NNMT",0.171946890350296,0.2111631138079,0.616889995841803
"493","MOSMO",0.163160797995356,0.0346548398064109,0.802184362198233
"494","NEFH",0.0911149453287887,0.154968095657788,0.753916959013424
"495","PLA2G4F",0.128519185829568,0.445285501978364,0.426195312192068
"496","IL1F10",0.0569155814058342,0.356164179614086,0.58692023898008
"497","VLDLR",0.347368059253736,0.185078695382617,0.467553245363647
"498","ADAMTS14",0.0434402524311373,0.42828918591297,0.528270561655893
"499","HYAL3",0.147503378843289,0.548909905661995,0.303586715494717
"500","DTX3",0.0881300180512925,0.100278514340858,0.811591467607849
"501","RFX5",0.153902032787794,0.162024362408855,0.684073604803351
"502","TSEN2",0.167720819748345,0.0611686734377072,0.771110506813948
"503","B9D1",0.244880704260822,0.129618380080648,0.62550091565853
"504","ARHGAP15",0.0578248417813806,0.0436650867038881,0.898510071514731
"505","TIMP3",0.0457254021674235,0.438777863873871,0.515496733958706
"506","S100A9",0.0331856223855757,0.137992786310149,0.828821591304275
"507","C1QC",0.125012501052017,0.0572688596421044,0.817718639305878
"508","ACSL3",0.17010428545684,0.331565875230495,0.498329839312665
"509","LAMC1",0.305302700842169,0.0805672641697546,0.614130034988076
"510","RIC3",0.343298895616245,0.100031623565278,0.556669480818477
"511","TRPV2",0.119861684083441,0.589243019156262,0.290895296760297
"512","PLPBP",0.340699167757205,0.168753671444736,0.49054716079806
"513","GMPR2",0.425984757638588,0.201174076109007,0.372841166252405
"514","MYOM3",0.0927524487791204,0.440874785902849,0.466372765318031
"515","CFHR3",0.122282435818024,0.124721004116751,0.752996560065225
"516","CARD16",0.383103122517262,0.243283892079697,0.373612985403042
"517","IL17RD",0.100864567969746,0.202503497732591,0.696631934297663
"518","CLMN",0.0636767578597069,0.343639119229394,0.592684122910899
"519","NUDT4",0.214620644433077,0.308038941559077,0.477340414007845
"520","FES",0.11641903537504,0.294259591469292,0.589321373155668
"521","WDR92",0.15337731969758,0.270626599687107,0.575996080615312
"522","SOCS2",0.178541710300673,0.176760363796821,0.644697925902506
"523","SMG9",0.178468386488643,0.420175481570342,0.401356131941016
"524","ZNF354C",0.0533129643800544,0.0571673534834062,0.889519682136539
"525","NREP",0.28058445369569,0.174505953487628,0.544909592816682
"526","COQ8B",0.0993232463473572,0.171254559677953,0.72942219397469
"527","FAM84B",0.0971124054875247,0.283842061759802,0.619045532752674
"528","RIMS3",0.138136724736512,0.167000462586643,0.694862812676845
"529","PPP1R32",0.0404616452902665,0.0833498861375255,0.876188468572208
"530","ANKRD36B",0.472700013240697,0.19862306612979,0.328676920629513
"531","BRD3OS",0.337048576062991,0.145222032546385,0.517729391390624
"532","EPN3",0.132234219348652,0.426781427624349,0.440984353026999
"533","ZKSCAN7",0.293936503129445,0.0968267538683251,0.60923674300223
"534","EXOSC7",0.312746623005406,0.116615047519579,0.570638329475015
"535","LINC01003",0.0778979797568326,0.0691004494348744,0.853001570808293
"536","ATP1A1-AS1",0.348450514074991,0.0142185271509426,0.637330958774067
"537","ARL8A",0.466863360358221,0.214760045312657,0.318376594329121
"538","DUSP6",0.237159751974669,0.0864821667865661,0.676358081238765
"539","ANKRD20A2",0.140414381362362,0.465145750460696,0.394439868176942
"540","NUDT3",0.258227785680048,0.0811663926534519,0.6606058216665
"541","ITCH",0.350494483372136,0.233971158752194,0.41553435787567
"542","CENPJ",0.222591980196342,0.113740872910156,0.663667146893503
"543","EEF1AKMT1",0.200336026487666,0.163262374676804,0.63640159883553
"544","TMEM104",0.146610135379856,0.0437507236549866,0.809639140965157
"545","TRIM5",0.273291976496873,0.0871387866180824,0.639569236885045
"546","IER3",0.0840668973865529,0.20037545262718,0.715557649986267
"547","NOL9",0.043978355848743,0,0.956021644151257
"548","NUP210",0.0322591706418938,0.33109450711691,0.636646322241196
"549","AP4M1",0.199005771013318,0.292144832761106,0.508849396225577
"550","HIST1H1C",0.0572425722625715,0.609606184329312,0.333151243408117
"551","CARD6",0.0367757063853163,0.449801017075865,0.513423276538819
"552","ST7-AS1",0.653753817009379,0.0887024847436984,0.257543698246923
"553","SLC38A10",0.254765042241595,0.141243082888269,0.603991874870136
"554","CIB1",0.11749592529698,0.332567569128783,0.549936505574237
"555","NOV",0.215160618779133,0.211970159782781,0.572869221438086
"556","LOC100129917",0.10120325328103,0.2319002518773,0.66689649484167
"557","KIAA2013",0.605607531882704,0.176923638608309,0.217468829508986
"558","PCDHGA3",0.293605966826543,0.122653285986608,0.583740747186849
"559","LY6K",0.169924588338722,0.559813103993086,0.270262307668192
"560","SPRED2",0.0564015342047976,0.181984661548747,0.761613804246456
"561","TCTA",0.2306502036709,0.10228194678357,0.667067849545529
"562","STOML1",0.311854872758927,0.213071497783401,0.475073629457672
"563","ZNF425",0.170315374358086,0.0472427667954373,0.782441858846477
"564","FAM111A",0.300010881890769,0.352342470358135,0.347646647751096
"565","PSTPIP1",0.164196024248768,0.576003182495192,0.259800793256039
"566","SMCO4",0.185602664988825,0.19184230711139,0.622555027899785
"567","ARNTL",0.354371791975984,0.00785893854827259,0.637769269475743
"568","EDC3",0.120583670953494,0.0596655324620891,0.819750796584417
"569","RAB24",0.379130233312349,0.249669181191778,0.371200585495874
"570","SLC6A9",0.187173251672119,0.080506105889421,0.73232064243846
"571","UBXN2B",0.141931333178248,0.221840109916812,0.636228556904939
"572","AADAC",0.249038907400467,0.549445216151724,0.201515876447809
"573","OR7E91P",0.225138208071437,0.157454277836964,0.617407514091599
"574","IGFBP7",0.108631918299581,0.372136468741259,0.519231612959159
"575","CAMTA1",0.440910346301998,0.0750855878214721,0.48400406587653
"576","ZNF594",0.323112122748883,0.0729993703591824,0.603888506891935
"577","RPTN",0.0477040559923944,0.237748641726781,0.714547302280825
"578","ZYX",0.186022490680689,0.400035603430571,0.41394190588874
"579","SYT17",0.151701267757805,0.260715792168751,0.587582940073445
"580","PIGP",0.150815491945229,0.265164436053678,0.584020072001093
"581","MUS81",0.360388548999519,0.183619763160891,0.455991687839589
"582","DPP6",0.191641071321362,0.670607470502882,0.137751458175756
"583","RAI1",0.217294897435077,0.2500800857605,0.532625016804424
"584","TRAPPC9",0.419588315979137,0.0126668611203055,0.567744822900558
"585","MST1R",0.179038431666832,0.235973752031856,0.584987816301312
"586","DPH2",0.105586320021863,0.0498939796472398,0.844519700330897
"587","HSD17B7",0.33273934255872,0.136158774631318,0.531101882809962
"588","NUAK1",0.306045576751932,0.272473796273115,0.421480626974953
"589","BIRC3",0.0601543373903213,0.438110559913694,0.501735102695985
"590","AQP3",0.187759106645901,0.302312017958847,0.509928875395252
"591","RAB12",0.152100126836976,0.481953116841912,0.365946756321112
"592","MRM1",0.328215168985771,0.0550241443746121,0.616760686639617
"593","KCNRG",0.169477586072873,0.234346942825451,0.596175471101676
"594","PTGER4",0.153783529488048,0.240368877871082,0.605847592640871
"595","DENND2D",0.55822157748107,0.145678587323174,0.296099835195757
"596","STRC",0.188086454788514,0.304750819968745,0.507162725242741
"597","MXD3",0.495279243667358,0.119148720416782,0.38557203591586
"598","DBNDD2",0.118164031488241,0.626178960466514,0.255657008045246
"599","ZNF692",0.635318143966144,0.0767089412521552,0.287972914781701
"600","SLC6A8",0.194248739003506,0.0897648247275015,0.715986436268992
"601","C19orf25",0.342509906075351,0.205241095291821,0.452248998632829
"602","PPARGC1B",0.16642827947175,0.137638693169222,0.695933027359029
"603","RNASEL",0.420835804661493,0.176721981585721,0.402442213752787
"604","SLC29A3",0.0321436706869199,0.124135740378163,0.843720588934917
"605","CBR3",0.0893106460394572,0.619348046068634,0.291341307891909
"606","RNFT1",0.179705395382357,0.144054650207693,0.67623995440995
"607","CXorf65",0.116141138973414,0,0.883858861026586
"608","MOB3C",0.135947486578295,0.0561513959047438,0.807901117516961
"609","CD86",0.0786437733693087,0.337008363832975,0.584347862797716
"610","PDRG1",0.0524872405194314,0.0582475831571769,0.889265176323392
"611","B3GNT4",0.16458406926743,0.245278229643854,0.590137701088715
"612","WDCP",0.196810040630908,0.0310378097576153,0.772152149611477
"613","CLHC1",0.126067897175122,0.171321182269999,0.702610920554879
"614","EIF4A2",0.482674769919535,0.163678554726765,0.3536466753537
"615","SYTL3",0.176397840965318,0.118230604657515,0.705371554377167
"616","POLE2",0.2240968116146,0.00100996353620461,0.774893224849196
"617","SLC26A6",0.286838308771434,0.261493253278578,0.451668437949988
"618","NSUN7",0.186095087618467,0.213190019114932,0.600714893266601
"619","HNRNPDL",0.553354376486646,0.104028419101981,0.342617204411373
"620","PEX6",0.0951190727915269,0.747623594672339,0.157257332536134
"621","L3MBTL1",0.170054650916814,0.0227380303307575,0.807207318752428
"622","ZNF706",0.429652585460411,0.0311655110578698,0.539181903481719
"623","PPARGC1A",0.469349839656486,0.198950942166461,0.331699218177053
"624","EPHB1",0.156311467547278,0.274194227073151,0.569494305379571
"625","ZNF862",0.224858821501315,0,0.775141178498685
"626","SESN3",0.215446495516951,0.26503263940065,0.519520865082399
"627","ERBB4",0.120816341725491,0.233570397846568,0.645613260427941
"628","SETMAR",0.356621811507557,0.0288332729709316,0.614544915521512
"629","DCAF7",0.0216614768775772,0.112507900370903,0.865830622751519
"630","KATNAL2",0.035649603523927,0.115521265396845,0.848829131079228
"631","TRAM2",0.0629132754299797,0.295102112336724,0.641984612233296
"632","CLPB",0.101916764273692,0.250135772439113,0.647947463287195
"633","CD83",0.187109922760245,0.34568236809202,0.467207709147735
"634","MAMLD1",0.0436182482987126,0.138375474669199,0.818006277032088
"635","TBX1",0.251281503974803,0.461124336496888,0.287594159528309
"636","ZNF561",0.212324458546326,0.167635712335419,0.620039829118255
"637","DBIL5P",0.238212654058488,0.154867864528542,0.60691948141297
"638","ZNF572",0.252926586589558,0.157972966209207,0.589100447201235
"639","HDHD5-AS1",0.0722142566932386,0.230349550531177,0.697436192775584
"640","WDR75",0.202559021537341,0.122012015387828,0.67542896307483
"641","MFSD13A",0.405903874337755,0.386591166285216,0.207504959377029
"642","SLC39A11",0.3163022839694,0.320666968473478,0.363030747557122
"643","CHL1",0.107424917777636,0.606304755802709,0.286270326419655
"644","ZNF189",0.108123543596926,0.196242835730839,0.695633620672235
"645","PRDM11",0.384319516026879,0,0.615680483973121
"646","C22orf39",0.132883099661468,0.0309427352659977,0.836174165072535
"647","PPP1R3C",0.485824164656284,0.28477234586906,0.229403489474656
"648","KRT72",0.082194906176189,0.704187564818212,0.213617529005599
"649","LINC00665",0.179998376352667,0.141797385480099,0.678204238167234
"650","KIAA1841",0.146954292219332,0.0126296233209056,0.840416084459763
"651","PGM1",0.279017512620716,0.225651822004166,0.495330665375119
"652","HEATR5A",0.00167077015245358,0.0887879059082957,0.909541323939251
"653","TSGA10",0.111263122816061,0.0658545032887873,0.822882373895152
"654","BNIP3L",0.500770028067712,0.223773064315775,0.275456907616513
"655","ZSCAN20",0.181368134513138,0.233915249407669,0.584716616079192
"656","TEDC2",0.0881077770072955,0.165838982426925,0.746053240565779
"657","AURKA",0.11342337086239,0.055383018041251,0.831193611096359
"658","TAF9B",0.266445690475746,0.22412067853008,0.509433630994174
"659","UPP1",0.0451466464867508,0,0.954853353513249
"660","SEMA4F",0.25789368757136,0.127543717731692,0.614562594696949
"661","CYR61",0.0725275379695487,0.286836179402619,0.640636282627832
"662","SAMD9L",0.0787726151030415,0.384587863324765,0.536639521572194
"663","RCBTB2",0.135295510643995,0,0.864704489356005
"664","PTTG1",0.320868479121741,0.241429989598621,0.437701531279637
"665","SLX4",0.239821427659911,0.0757059135618507,0.684472658778238
"666","CRELD1",0.555865257643194,0.0714554488597563,0.37267929349705
"667","DZIP3",0.232698145576986,0.0653301233331935,0.701971731089821
"668","ARMC8",0.454748459574689,0,0.545251540425311
"669","ESRP1",0.146522125240675,0.513459748375108,0.340018126384218
"670","LIFR",0.0363021337046997,0.416548820641746,0.547149045653554
"671","IL2RB",0.284764382646519,0.456150951830663,0.259084665522819
"672","UBE2E1",0.427891069843543,0.238324459562998,0.333784470593459
"673","NDUFAF3",0.483672304389189,0.115779579596134,0.400548116014677
"674","HOOK2",0.246034304279605,0.266664642770317,0.487301052950078
"675","FPGT",0.233285854812459,0.327470514617222,0.439243630570318
"676","NDUFAF5",0.290508821687646,0.115403548502205,0.594087629810149
"677","CASP5",0.463277893546334,0.106793585216626,0.42992852123704
"678","FILIP1L",0.256033818340007,0.21659437477153,0.527371806888463
"679","MT1B",0.335302186163526,0.251610418227416,0.413087395609058
"680","THAP1",0.201470493318005,0.164917385633829,0.633612121048166
"681","WDR31",0.131734363480916,0.187905666462488,0.680359970056596
"682","CCDC146",0.379942897371619,0.229607306882355,0.390449795746027
"683","GMPPB",0.0713567781962216,0.319949238568876,0.608693983234902
"684","THAP6",0.113994368918469,0.0409184212734424,0.845087209808088
"685","C1orf167",0.28750732730431,0.392356664206075,0.320136008489615
"686","THTPA",0.38578141341904,0.133075976648199,0.481142609932761
"687","ITGB3",0.0876793004375969,0.355045906211506,0.557274793350897
"688","NHS",0.161411393388507,0.382181798496934,0.456406808114559
"689","SNCAIP",0.256978142973383,0.315483826104225,0.427538030922393
"690","HIST1H3I",0.195696659512114,0.229973278896729,0.574330061591157
"691","ERP27",0.0487210794738261,0.580151832349173,0.371127088177001
"692","MEGF6",0.406956742590914,0.0994810433711719,0.493562214037914
"693","IL4R",0.111728949913883,0.5801400587183,0.308130991367817
"694","CASP1",0.377033447345787,0.273648593451724,0.349317959202489
"695","METTL1",0.238771292920917,0.233749365805559,0.527479341273523
"696","BCL2L11",0.146672831881492,0,0.853327168118508
"697","SLC20A2",0.4091230814147,0.293213427712076,0.297663490873223
"698","ADCK5",0.30877550328439,0.17317131318783,0.51805318352778
"699","WISP2",0.155068233621849,0.287923913010852,0.557007853367299
"700","CTNNBIP1",0.36545678357597,0.276826102206307,0.357717114217723
"701","RGCC",0.152410598508812,0.456233985238614,0.391355416252574
"702","HMGB3P1",0.268023296191924,0.375002200298432,0.356974503509644
"703","CHODL",0.302430547566042,0.395775018857636,0.301794433576322
"704","SLC35E2A",0.108872779601279,0.295564404375261,0.59556281602346
"705","DNM3",0.191571773659177,0.302622418970765,0.505805807370058
"706","TUBGCP5",0.360894134998012,0.0511937535589351,0.587912111443053
"707","TLE2",0.284843202344027,0.38989934656592,0.325257451090052
"708","NFIL3",0.412046911270059,0.23908344040114,0.348869648328801
"709","CPXM2",0.438621295175441,0.340519917644837,0.220858787179722
"710","RTN2",0.396852997375728,0.0670479032688776,0.536099099355394
"711","MTURN",0.561592805964605,0.158784828819608,0.279622365215787
"712","BST1",0.123440397807853,0,0.876559602192147
"713","MIPOL1",0.206646249649025,0.200658362262858,0.592695388088118
"714","MTERF2",0.274869332796803,0.198962654701442,0.526168012501756
"715","HIST1H1B",0.0997541062196458,0.542827552003564,0.35741834177679
"716","HSD11B2",0.29770436586441,0.358580260040479,0.34371537409511
"717","SLC9A9",0.441358552078668,0.192010771911134,0.366630676010198
"718","C22orf46",0.126388350349161,0.134700337067768,0.73891131258307
"719","SLC25A2",0.218746355288001,0.130881752352954,0.650371892359045
"720","KLF3-AS1",0.152429908815964,0.286970573897999,0.560599517286037
"721","RAD51B",0.231976436021003,0.107957617313366,0.66006594666563
"722","IL33",0.41776414194725,0.305115285410241,0.277120572642509
"723","RBM14",0.564129053322044,0.0615859921780102,0.374284954499945
"724","CENPC",0.254955315891678,0.297954054177557,0.447090629930765
"725","SLIT3",0.17545787575901,0.0226328833060058,0.801909240934984
"726","DHRS3",0.423729295631098,0.279972692504026,0.296298011864876
"727","PODNL1",0.305760323189961,0.0995748239695872,0.594664852840452
"728","ANXA7",0.208558777406782,0.397978450997061,0.393462771596157
"729","SNHG1",0.179367811049863,0.116211594624881,0.704420594325256
"730","GALNT18",0.1912056016067,0.0913548568424452,0.717439541550855
"731","BRIP1",0.2256926240081,0.151877592282162,0.622429783709738
"732","BCLAF1",0.304616408661778,0.0751626040735673,0.620220987264654
"733","MYH11",0.157873856277006,0.238747715553636,0.603378428169357
"734","RECK",0.205948929192775,0.204589746234472,0.589461324572753
"735","TSHZ2",0.103109844551655,0.582325557759479,0.314564597688866
"736","CFH",0.176988869658136,0.0924808383088735,0.730530292032991
"737","SND1-IT1",0.105191964695576,0.0325621355631511,0.862245899741273
"738","HDHD3",0.133809756786692,0.355920336809077,0.510269906404231
"739","COL23A1",0.0888533636832495,0.18448100425827,0.72666563205848
"740","TMEM241",0.1537560342782,0.10463039480206,0.741613570919741
"741","SLC15A1",0.052883810149644,0.323391016192513,0.623725173657843
"742","ST3GAL2",0.230819354802106,0.312353001498598,0.456827643699296
"743","ARL17B",0.128890168366577,0.577417217605172,0.293692614028251
"744","PHF3",0.163595998533417,0.291523529695912,0.544880471770671
"745","ST3GAL4",0.122957258672401,0.036980677424339,0.84006206390326
"746","C3orf35",0.479066529782384,0.0645209123345523,0.456412557883063
"747","RERG",0.158653913727289,0.238217249401961,0.603128836870749
"748","PPHLN1",0.107682084613029,0.0958066228274482,0.796511292559522
"749","KANK4",0.10138726583872,0,0.89861273416128
"750","DESI1",0.331287318832324,0.241091950944748,0.427620730222928
"751","ZSCAN26",0.159718466136567,0.0297145239885141,0.810567009874919
"752","RASL10A",0.189597330398486,0.320210773698248,0.490191895903265
"753","LOC171391",0.207173082707238,0.301664237887238,0.491162679405524
"754","TMEM106C",0.354946442858435,0.285352556962274,0.359701000179291
"755","NEURL1B",0.311287008788914,0.25616825107289,0.432544740138197
"756","EML3",0.0845828169392626,0.0991281934435371,0.8162889896172
"757","UBOX5",0.23862973035028,0.319820843113349,0.441549426536371
"758","RPGR",0.246046665170948,0.251810463235884,0.502142871593168
"759","FBLN5",0.109097075911015,0.109247860591774,0.781655063497211
"760","NR1D2",0.216360815280214,0.199617085128791,0.584022099590995
"761","ZBED3",0.315972041116299,0.183732129384332,0.500295829499369
"762","LMAN2L",0.210363507951699,0.120674277404621,0.66896221464368
"763","C1orf123",0.419540434654345,0.394642087416385,0.185817477929269
"764","TRAF1",0.219816789966598,0.317707563346825,0.462475646686577
"765","FBXO36",0.485953208960468,0.200294065804771,0.313752725234762
"766","GLYATL1",0.0543856359700415,0.17448249908408,0.771131864945879
"767","DNASE1",0.0844125317316253,0.148573514762107,0.767013953506267
"768","UST",0.142837265760876,0,0.857162734239124
"769","CCDC102B",0.0916064145505193,0,0.908393585449481
"770","COL5A3",0.220242235043093,0.386513138596449,0.393244626360458
"771","CEP152",0.266080498842494,0.0650834991070951,0.668836002050411
"772","TSKS",0.0212878441480084,0.827644903351748,0.151067252500243
"773","VEGFA",0.482011317002768,0.0895780719780232,0.428410611019208
"774","PPP2R3B",0.177046612573242,0.59809495398385,0.224858433442909
"775","DACT2",0.172269812216427,0.252171507789888,0.575558679993685
"776","PELI2",0.1421779118336,0.19393470554213,0.66388738262427
"777","CTH",0.0767305381744836,0.420303906193378,0.502965555632138
"778","EGLN2",0.176700079565212,0.269581355573788,0.553718564860999
"779","SLC41A1",0.227879251568883,0.206087967788936,0.566032780642181
"780","FMO4",0.463290348439245,0,0.536709651560755
"781","XYLB",0.0149050764478942,0.0479220930667419,0.937172830485364
"782","HSPH1",0.622264630075845,0.0438580055724916,0.333877364351664
"783","ARMCX2",0.391050700851863,0.195896262227859,0.413053036920278
"784","SDF2L1",0.496825340729571,0.168945939426028,0.334228719844401
"785","CXorf38",0.197970848837482,0.176615851110309,0.625413300052209
"786","PRPH2",0.0391400308655799,0.182425521038896,0.778434448095524
"787","UQCC2",0.355426010807774,0.269885716124912,0.374688273067314
"788","LDHA",0.512567643516751,0.190204784435793,0.297227572047456
"789","EFCAB2",0.0652276044019032,0.556686816962705,0.378085578635392
"790","FAM107A",0.014321314055313,0.11311601357641,0.872562672368276
"791","C11orf45",0.232181153876938,0.0203095306357792,0.747509315487283
"792","CBFA2T3",0.50142558089612,0.170819187170861,0.327755231933019
"793","CTPS1",0.0937697410939311,0.0222352653046174,0.883994993601452
"794","RNF145",0.405883378354919,0.156642548018056,0.437474073627025
"795","TMCO6",0.46298804254401,0.101112791922137,0.435899165533853
"796","ARHGAP44",0.0411616686687483,0.367962693597079,0.590875637734173
"797","EXO5",0.175820157337096,0.22601099320449,0.598168849458414
"798","COLQ",0.0284761860496071,0.187453034656377,0.784070779294016
"799","PREPL",0.382907698420211,0.146477303889855,0.470614997689935
"800","ZFPM2",0.173344442332457,0.210625311436442,0.6160302462311
"801","SALL4",0.493396776332086,0.062478774104216,0.444124449563698
"802","PCDHGB7",0.237768276729889,0,0.762231723270111
"803","LRRC40",0.236587567300833,0.200958111826493,0.562454320872673
"804","SCARA5",0.0556499787651612,0.0929905958873595,0.851359425347479
"805","CYP51A1",0.333675855029127,0.392786111323498,0.273538033647376
"806","JAKMIP3",0.137917294275863,0.442408719634453,0.419673986089684
"807","KLF4",0.29946770815069,0.506748704355464,0.193783587493845
"808","PAOX",0.167430664558663,0.113271201410296,0.719298134031041
"809","MYO15A",0.186084065269186,0.160965218115916,0.652950716614899
"810","CACNA2D4",0.0727145937991447,0.181944305437072,0.745341100763783
"811","MPZL2",0.201800958108451,0.0725903295438018,0.725608712347748
"812","AARS",0.142850424030574,0.221748915549609,0.635400660419817
"813","DMRTC1",0.0530988410918882,0.229319830009275,0.717581328898837
"814","XPR1",0.347039483301469,0.127633283854741,0.525327232843789
"815","SRBD1",0.34572713056721,0.135178047329189,0.519094822103601
"816","SOX5",0.492824438731012,0.0437750890640414,0.463400472204946
"817","ABCG1",0.228929108392912,0.202525487379496,0.568545404227592
"818","NICN1",0.454719607223353,0.228420406091699,0.316859986684949
"819","HDHD2",0.583593572206502,0.182405671245188,0.23400075654831
"820","MPP3",0.223349190241351,0.16552387118766,0.61112693857099
"821","ARMH4",0.137479647034,0.206998490512685,0.655521862453315
"822","CDS2",0.164636608659992,0.0425843020728443,0.792779089267163
"823","TUBAL3",0.108150899314924,0.160851232712919,0.730997867972157
"824","CRIP1",0.164061782702124,0.417191167022872,0.418747050275005
"825","PPP1R10",0.188600434463825,0.0869179213177678,0.724481644218407
"826","SAMD5",0.215982986108378,0.324396453952809,0.459620559938813
"827","GPC2",0.286975611107356,0.216940729010883,0.496083659881761
"828","RCE1",0.164081079296209,0.164317764723733,0.671601155980058
"829","VPS39",0.0952731836692823,0.364810088367776,0.539916727962942
"830","PLEKHA6",0.509510374513748,0.187603438799239,0.302886186687013
"831","ZNF404",0.293896530411782,0.085319680810713,0.620783788777505
"832","CDH12",0.183179734470207,0.330449821568591,0.486370443961202
"833","MED20",0.185224351129989,0,0.814775648870011
"834","C1S",0.270919840345742,0.252660900206768,0.47641925944749
"835","ZFAT",0.539885135497998,0.193590294873951,0.266524569628051
"836","GOSR2",0.387109738117864,0.0945804008776763,0.518309861004459
"837","PKDCC",0.179719786924746,0.436370266202398,0.383909946872856
"838","CDCA4",0.239117308468017,0.0835060492379502,0.677376642294032
"839","AMPD2",0.101103738958439,0.457429808061174,0.441466452980387
"840","NDUFA4L2",0.128982135179099,0.411898240895649,0.459119623925252
"841","SLC26A10",0.0596511454368287,0.350994665847175,0.589354188715996
"842","ASB9",0.0618909939088664,0.444264527714126,0.493844478377007
"843","SERPINE2",0.0601861602702937,0.182330046915443,0.757483792814263
"844","HIST1H3G",0.277160866833432,0.189547915426256,0.533291217740311
"845","PRIMPOL",0.20767693081515,0.167278144501199,0.625044924683651
"846","CYYR1",0.0254867330622483,0.0173404283029292,0.957172838634822
"847","SERTAD1",0.442975252030178,0.179115956596928,0.377908791372894
"848","TRADD",0.460487194592123,0.204626025510893,0.334886779896984
"849","RSRP1",0.354948716619293,0.220992612898165,0.424058670482543
"850","PUS10",0.248373299091723,0.0769430710400009,0.674683629868277
"851","EPHX2",0.418528434786068,0.440775838853917,0.140695726360015
"852","PPTC7",0.355873910462693,0.2402085597594,0.403917529777908
"853","SNHG12",0.385134276940097,0.0653461387922219,0.549519584267681
"854","NANOG",0.352928132613583,0.223448869837832,0.423622997548584
"855","IRF7",0.490870886349729,0.0611965299115407,0.44793258373873
"856","NAT1",0.0987968846264617,0.325328891644439,0.575874223729099
"857","ABLIM3",0.188514238811245,0.282871775024257,0.528613986164498
"858","CD33",0.140612422908629,0.419525723741787,0.439861853349583
"859","KANK3",0.320286492709128,0.0357761225130989,0.643937384777773
"860","SLC13A4",0.0541314666288698,0.286662842593377,0.659205690777753
"861","ZNF232",0.219762253355751,0.386491762945244,0.393745983699005
"862","RAB11FIP4",0.415230837092511,0.164651150479877,0.420118012427612
"863","PPID",0.287323617404501,0.25687472632047,0.455801656275028
"864","FOXQ1",0.164341543315337,0.228032995869427,0.607625460815237
"865","MRPS14",0.29962967079443,0.299176478589446,0.401193850616124
"866","RTEL1",0.43517611784857,0.108924386979967,0.455899495171463
"867","SCGB1D1",0.116469056076954,0.296209000766436,0.587321943156611
"868","ARID5B",0.184825626508799,0.24454138229085,0.57063299120035
"869","SMUG1",0.230640266599505,0.425918414314636,0.34344131908586
"870","KCTD15",0.154549641328174,0.0274868962313705,0.817963462440455
"871","SPIN3",0.105294182695897,0.143329570730635,0.751376246573468
"872","TNFRSF12A",0.226159685334436,0.261909713320719,0.511930601344844
"873","EDARADD",0.19242786020097,0.21283588419639,0.59473625560264
"874","FANCI",0.262010989606794,0.074753853722029,0.663235156671177
"875","RNASE6",0.0956675071413887,0.30663968697052,0.597692805888091
"876","MYO15B",0.282882441849984,0.306370576080748,0.410746982069268
"877","ELP6",0.364271418579708,0,0.635728581420292
"878","CYP4X1",0.384967323832786,0.223151011764396,0.391881664402818
"879","KLF8",0.497357879131306,0.194219010528291,0.308423110340403
"880","TCAF2",0.206630972388312,0.0694373391447444,0.723931688466943
"881","RBM5",0.321837178937101,0.183034781564365,0.495128039498534
"882","ZNF876P",0.21892560350697,0.151040956203858,0.630033440289173
"883","AADACL2",0.488378500508391,0.288438608953013,0.223182890538596
"884","ICA1L",0.294659467425174,0.103385692041453,0.601954840533373
"885","MORC2",0.143096839449355,0.253022611712012,0.603880548838633
"886","FKBP5",0.482951631485975,0.146629505215581,0.370418863298444
"887","FAM209A",0.561313680080425,0.138322602564059,0.300363717355515
"888","IGLL1",0.341173037881334,0.174550592981496,0.484276369137171
"889","IL37",0.221909292108006,0.217809138222275,0.560281569669719
"890","CH25H",0.536008521127696,0.108332037590174,0.35565944128213
"891","CCDC66",0.0592354427670639,0.16191924745618,0.778845309776756
"892","ATAD5",0.0762364561141119,0,0.923763543885888
"893","BFAR",0.153390661974736,0.0197630549048837,0.82684628312038
"894","ABCB6",0.45393050436506,0.0605129270223381,0.485556568612602
"895","SENP8",0.251805144784343,0.134314895122186,0.613879960093472
"896","LY6G5B",0.218837004536545,0.232848538538481,0.548314456924973
"897","KLRC4",0.112327399486178,0.39876167468311,0.488910925830712
"898","GABBR1",0.168986919083563,0.262002774697128,0.569010306219309
"899","ROR2",0.129349648009739,0.161347427231861,0.709302924758399
"900","ZNF395",0.566760585727881,0.076315542527768,0.356923871744351
"901","USB1",0.300957297974779,0.327968858431984,0.371073843593236
"902","AFG3L2",0.270642364872785,0.372320611053097,0.357037024074118
"903","ZSCAN31",0.360222070200937,0.234874256016655,0.404903673782408
"904","LHFPL6",0.0613203238192331,0.185872415663286,0.75280726051748
"905","ATP6V0E2-AS1",0.108777978528105,0.0921084246311985,0.799113596840696
"906","CARD8",0.182351377975439,0.459699098451278,0.357949523573283
"907","GORASP2",0.279822111262027,0.193280324570456,0.526897564167517
"908","SH3RF1",0.197908165514574,0.152397038521991,0.649694795963435
"909","HIST1H1E",0.354967634364471,0.357201507758712,0.287830857876817
"910","DNAJA1",0.379522836975489,0.247329577727961,0.37314758529655
"911","EPM2AIP1",0.257648386089869,0.0623647318578916,0.679986882052239
"912","SLC2A1",0.621901396451874,0.192995788726081,0.185102814822044
"913","SLC35F5",0.219920476380547,0.467666681719749,0.312412841899704
"914","TNF",0.105094749404902,0.440822558194225,0.454082692400874
"915","CD163",0.0699637055139612,0.203641971897938,0.726394322588101
"916","MAT2A",0.443307253258602,0.166513484302025,0.390179262439373
"917","INTS3",0.488736883158536,0.136921952820862,0.374341164020603
"918","ZNF512",0.286148262781798,0.0158771669138381,0.697974570304364
"919","TP53AIP1",0.205057589345646,0.179340065823594,0.61560234483076
"920","TEKT2",0.142145281353417,0.145791826585755,0.712062892060829
"921","HIST2H3PS2",0.231692404473481,0.386099032051277,0.382208563475242
"922","ADA",0.240045823082168,0.3330310723103,0.426923104607531
"923","METAP1D",0.120227097977605,0.102116148021132,0.777656754001263
"924","IFFO1",0.0755856211868368,0.306748788241477,0.617665590571686
"925","TUBG2",0.117222367553428,0.163021196088933,0.719756436357639
"926","TPST2",0.367847393157845,0.187795714197868,0.444356892644286
"927","MORC2-AS1",0.0534989846714214,0.660090049578398,0.286410965750181
"928","TPPP3",0.259642657124531,0.249935291355765,0.490422051519704
"929","ARID5A",0.129818106337435,0.0877044540874462,0.782477439575119
"930","NSUN5",0.261699741054375,0.116644172852138,0.621656086093487
"931","NOTCH4",0.0925789497152519,0.186352424732671,0.721068625552078
"932","ATP6AP1L",0.185161191116827,0.433637202309441,0.381201606573732
"933","TAS2R10",0.0880940123001084,0.0710204773880988,0.840885510311793
"934","TRIM35",0.401531541690217,0.306757930054697,0.291710528255086
"935","IGFALS",0.428018478122814,0.157558389861761,0.414423132015425
"936","C8orf48",0.157804270694532,0.265077455702468,0.577118273603
"937","HEYL",0.158513449038638,0.240450756017256,0.601035794944106
"938","ZNF783",0.213548098071635,0.262667566806969,0.523784335121396
"939","BRD4",0.217655043820859,0.266635174119553,0.515709782059588
"940","TMEM121B",0.362232859869766,0.188775130089569,0.448992010040665
"941","CDADC1",0.0798733263109637,0.0808033240051144,0.839323349683922
"942","ZNF524",0.253224485187415,0.290812660060839,0.455962854751746
"943","ATG16L2",0.431595569208043,0.182980224879653,0.385424205912304
"944","CEBPA-DT",0.28509463129101,0.249330413829815,0.465574954879175
"945","AOC3",0.179648183151613,0.207468962341878,0.612882854506509
"946","HSPB2",0.254470123005368,0.256847326145034,0.488682550849598
"947","FGD2",0.158383546145787,0.311049773028051,0.530566680826161
"948","KCTD4",0.330560116228823,0.281243402652202,0.388196481118975
"949","GKAP1",0.0368353442118839,0.0904499271010343,0.872714728687082
"950","CRTAP",0.0399628923165195,0.246284975220971,0.71375213246251
"951","MUM1",0.319442607087748,0.0593261515315135,0.621231241380739
"952","NIPSNAP2",0.301075736070471,0.185999366426229,0.5129248975033
"953","PRSS27",0.239156835412378,0.108288754319916,0.652554410267706
"954","KLF12",0.283339533769577,0.329370892752834,0.38728957347759
"955","TRMT2A",0.0462657981015292,0.267481474055942,0.686252727842529
"956","PRSS23",0.216417103403874,0.319864480658158,0.463718415937968
"957","C19orf73",0.380527440743459,0,0.619472559256541
"958","CDH19",0.00747767683502786,0.211818063843009,0.780704259321963
"959","PCDHGB4",0.191197156725374,0.386202762411155,0.422600080863471
"960","GTSE1",0.168319578314586,0.0428953205885486,0.788785101096866
"961","TSPAN9",0.0994813138909362,0.433259006033519,0.467259680075545
"962","RNASE7",0.254707578538646,0.226316000190544,0.51897642127081
"963","BDNF",0.100966381348026,0.321575079888932,0.577458538763042
"964","C16orf86",0.0559787860669652,0.00126103884560398,0.942760175087431
"965","BCAR3",0.317127815484893,0.191094284230881,0.491777900284227
"966","CORO6",0.215919041773413,0.363208222655023,0.420872735571564
"967","PHLDB2",0.122378019630799,0.144810203457344,0.732811776911857
"968","LRRFIP1",0.460659653801139,0.118028160964837,0.421312185234024
"969","CRIP2",0.265899967929055,0.122527271977174,0.611572760093771
"970","SERTAD4",0.225564543828839,0.118982389353535,0.655453066817626
"971","PRKCE",0.126077931299658,0.373201173187952,0.50072089551239
"972","RARRES2",0.0500142041718915,0.143926037587869,0.806059758240239
"973","MPIG6B",0.255566476480695,0.178470445830502,0.565963077688803
"974","SH3BP5",0.162402786457545,0.235472523794664,0.602124689747792
"975","FBXO44",0.115972052019346,0.25380695285189,0.630220995128764
"976","INVS",0.285849471773932,0.20150922286589,0.512641305360178
"977","TMEM86A",0.306526355276227,0.0825414418281861,0.610932202895587
"978","NAGK",0.326353052166106,0.371212580865328,0.302434366968566
"979","FAM84A",0.609396734324353,0.0322718231740897,0.358331442501557
"980","MAML2",0.126823681487889,0.533946744145547,0.339229574366564
"981","HIVEP2",0.24369645266262,0.260211734773259,0.496091812564121
"982","PPFIA4",0.336841569005688,0.269803623578434,0.393354807415878
"983","MTR",0.457457682466607,0.0384330362954462,0.504109281237947
"984","ZNF143",0.610834996734308,0.0467879697233486,0.342377033542343
"985","CASP9",0.238057566200995,0.0439874987381052,0.7179549350609
"986","HES5",0.27110977438648,0.178140533005169,0.550749692608352
"987","RFX2",0.421425572693968,0.0184547018615636,0.560119725444468
"988","FAM92A",0.171864176998134,0.102835655728284,0.725300167273583
"989","METTL27",0.0265413999894476,0.333517380430745,0.639941219579807
"990","MAT1A",0.290390074734256,0.577587103728065,0.132022821537679
"991","TYRO3",0.384671368777416,0.326607461846106,0.288721169376478
"992","MYEOV",0.200270067426254,0.114811823597644,0.684918108976103
"993","ASPG",0.400472628559026,0.266127709115796,0.333399662325178
"994","BCL6",0.415696435900418,0.0453430897776096,0.538960474321973
"995","CLEC7A",0.0679474613682467,0.276217843752126,0.655834694879628
"996","TSHZ3",0.0684625785836026,0.015928556182364,0.915608865234033
"997","CD207",0.163358982494811,0.554654871562844,0.281986145942345
"998","EMCN",0.046334684682171,3.92334078816758e-18,0.953665315317829
"999","CRYGS",0.169622613923024,0.235355419513463,0.595021966563513
"1000","RASL11B",0.299787144334041,0.339572125610097,0.360640730055862
"1001","FAM83D",0.119200824261668,0.5376636587527,0.343135516985632
"1002","GMDS",0.209771080759391,0.00455469394046187,0.785674225300147
"1003","CDC25B",0.237827526184251,0.165495251591284,0.596677222224465
"1004","SLC39A14",0.15756606987169,0.0363998820798098,0.806034048048501
"1005","PIGV",0.458191136465936,0.0986642033930847,0.443144660140979
"1006","GPR155",0.340661484458454,0.279022018992637,0.380316496548909
"1007","NTF4",0.240885812865777,0.166262272077273,0.592851915056951
"1008","SULF2",0.091886401584593,0.22816824017887,0.679945358236537
"1009","TMEM14EP",0.0982662522017212,0.261938119407969,0.63979562839031
"1010","MAMDC4",0.231253083290747,0.0120713948966881,0.756675521812564
"1011","PRLR",0.242164926564041,0.330312768696483,0.427522304739476
"1012","FUT11",0.250214078149721,0.0329395520380312,0.716846369812248
"1013","CNRIP1",0.117514585020864,0.0534882211700242,0.828997193809111
"1014","FBXO4",0.422723934300758,0.097225165038868,0.480050900660374
"1015","LINC01588",0.248269689790058,0.170214045765132,0.581516264444811
"1016","GEM",0.228040125309798,0.106470780885441,0.665489093804761
"1017","SVOPL",0.060666051567634,0.00978668273150679,0.929547265700859
"1018","PAQR6",0.321942353524231,0.434003010810136,0.244054635665634
"1019","CSRP2",0.182495439570304,0.122501003887751,0.695003556541944
"1020","TGFBR2",0.144774235498171,0.279444062001708,0.575781702500121
"1021","KIF26A",0.0374739108799771,0.0489177966483373,0.913608292471686
"1022","SNHG15",0.343755700324931,0.17822415444007,0.478020145234999
"1023","SMAD5-AS1",0.140280933418031,0.283783795290479,0.57593527129149
"1024","ADCY10P1",0.115613163429272,0.205478507295902,0.678908329274826
"1025","MAB21L3",0.378100179186524,0.186676242947515,0.435223577865961
"1026","LMBR1L",0.248349182405081,0.348741731175616,0.402909086419303
"1027","RELT",0.233778398329076,0.359458936832409,0.406762664838515
"1028","CYP39A1",0.0584690037328328,0.37394532695318,0.567585669313987
"1029","PIF1",0.181197035081519,0.0985508888531587,0.720252076065322
"1030","ID1",0.211465374355827,0.369750330053357,0.418784295590816
"1031","TTC8",0.284053253003486,0.359545265476763,0.356401481519751
"1032","EP400P1",0.223807883169775,0.0166812569666936,0.759510859863532
"1033","CRY1",0.267824900358624,0.110276633330842,0.621898466310534
"1034","SLC52A1",0.112214307792111,0.673639896969892,0.214145795237997
"1035","ARL15",0.144572432989235,0.229296598415612,0.626130968595154
"1036","H1FX",0.225167442160077,0.344152279176349,0.430680278663574
"1037","RRM2",0.13395776334418,0.0908967533364956,0.775145483319324
"1038","HIST1H3C",0.385677569518879,0.250645977738421,0.3636764527427
"1039","SLC13A3",0.166189434253673,0.372216166700496,0.461594399045831
"1040","OVGP1",0.700642759051523,0.0961515453541385,0.203205695594338
"1041","ZNF641",0.113082540074108,0.392545441347182,0.49437201857871
"1042","ITPRIPL2",0.275140584093033,0.319013746127209,0.405845669779757
"1043","ARSF",0.0840655674357751,0.179185342711481,0.736749089852744
"1044","AMDHD1",0.129018014509817,0.52569265563481,0.345289329855373
"1045","SLC43A1",0.253908062187219,0.286842569217921,0.45924936859486
"1046","TP53I3",0.149047492205117,0.435868634549525,0.415083873245358
"1047","NAV1",0.0954983720147938,0.070217597249447,0.834284030735759
"1048","SPRN",0.0961281167441401,0.0604201892313364,0.843451694024523
"1049","TNFAIP6",0.044487053894746,0,0.955512946105254
"1050","FZD2",0.341281740700753,0.02139914943359,0.637319109865657
"1051","TMEM89",0.164156545072862,0.0473629331700293,0.788480521757108
"1052","DZIP1L",0.279068773525903,0.253952901441995,0.466978325032101
"1053","NRN1L",0.208967339739662,0.39577174352836,0.395260916731977
"1054","PCDHGA2",0.514208148786236,0.0909941442248906,0.394797706988874
"1055","TXNL4B",0.192762957634772,0.26981936870098,0.537417673664249
"1056","MARCH5",0.218835965454676,0.0398832817965112,0.741280752748813
"1057","LOC642852",0.228442442183725,0.147130700554653,0.624426857261622
"1058","OPA1",0.418404816187204,0.18531269064197,0.396282493170827
"1059","BORCS8",0.25909865670006,0.0463815624745147,0.694519780825425
"1060","SLC38A9",0.459782126720691,0.0706801989854998,0.469537674293809
"1061","CTSG",0.189048999854962,0.205786917218021,0.605164082927017
"1062","PPP1R3E",0.169990354100997,0.0513450171554933,0.77866462874351
"1063","PLVAP",0.133576810584806,0,0.866423189415194
"1064","RFESD",0.458996226627891,0,0.541003773372109
"1065","DHRS13",0.27083530644582,0.37737083203118,0.351793861523
"1066","MYRIP",0.0180884839479089,0,0.981911516052091
"1067","RPP25L",0.480645519693483,0.173491635529035,0.345862844777483
"1068","DDX59",0.25689356759229,0.0255383124358767,0.717568119971834
"1069","ZGRF1",0.178874787675229,0.0792126137415193,0.741912598583252
"1070","RHOXF1",0.422994985811199,0.0987499010941842,0.478255113094617
"1071","AKR1C3",0.13895765771923,0.470746621726793,0.390295720553976
"1072","CPQ",0.207815923614325,0.425845504323344,0.366338572062331
"1073","CCDC80",0.0691502965152728,0.0919023447720849,0.838947358712642
"1074","SLC23A3",0.42611465951236,0.0964248235966013,0.477460516891039
"1075","CDK20",0.412224465350995,0.10659440118187,0.481181133467135
"1076","TPRXL",0.171117876462272,0.229913256384788,0.59896886715294
"1077","IDH2",0.252569292075818,0.403839782043764,0.343590925880418
"1078","OIP5",0.0801259518104555,0.221543754452376,0.698330293737168
"1079","IRX3",0.303898090429892,0.346916081625386,0.349185827944722
"1080","PYCR1",0.272819337732406,0.310448367731719,0.416732294535875
"1081","CD34",0.185891449417973,0.158473596938948,0.65563495364308
"1082","ADAP2",0.467775637068677,0.100575256059148,0.431649106872175
"1083","BEND5",0.117826613669222,0.00171677460823623,0.880456611722542
"1084","STBD1",0.0581540266834028,0.101383169836974,0.840462803479623
"1085","NPTX1",0.115000240297963,0.807625178414633,0.0773745812874039
"1086","ADH1C",0.055921627608336,0.531960501427874,0.41211787096379
"1087","ALG8",0.297502996836813,0.233401407978751,0.469095595184435
"1088","ASMT",0.132937095891499,0.215054407499457,0.652008496609044
"1089","RNF41",0.175106209179245,0.190384871602553,0.634508919218201
"1090","NBEA",0.0740262497485358,0,0.925973750251464
"1091","CADPS",0.0203660373462041,0,0.979633962653796
"1092","CARMIL1",0.0818656135231697,0.400972595002597,0.517161791474233
"1093","KDM7A-DT",0.108273934584671,0.43461383660146,0.457112228813869
"1094","TRAF3IP3",0.0441426655460749,0.0253190765343289,0.930538257919596
"1095","LIPT1",0.182617152519063,0.102238332092605,0.715144515388332
"1096","FBXO15",0.0655939065715612,0,0.934406093428439
"1097","EMX2",0.183899852136361,0.122142035196997,0.693958112666642
"1098","FBXW2",0.245822824939771,0.269861187822505,0.484315987237725
"1099","NMUR1",0.0463080833847775,0.125942578120668,0.827749338494554
"1100","C16orf74",0.183769140584079,0.523129574324616,0.293101285091305
"1101","NR1I3",0.276140696093307,0.271592052361898,0.452267251544795
"1102","STK35",0.0972678025306006,0.192251254249774,0.710480943219625
"1103","LRIG2",0.453337140499514,0.0248880669894696,0.521774792511017
"1104","ANO6",0.257828454881772,0.325272687377926,0.416898857740302
"1105","PPM1L",0.183012949810096,0.372871671549176,0.444115378640729
"1106","CCDC167",0.419203476973035,0.184962460124288,0.395834062902677
"1107","ZDHHC14",0.472430123277362,0.100150007980278,0.42741986874236
"1108","C3orf62",0.15690842871122,0.232084968519356,0.611006602769424
"1109","ZNF518A",0.293098717366929,0.206531833682381,0.50036944895069
"1110","PHYHIP",0.12499679402737,0.615690398080877,0.259312807891753
"1111","ALMS1P1",0.0637097699831869,0.143613619546945,0.792676610469868
"1112","WDR78",0.0518151631081334,0.120975919991831,0.827208916900036
"1113","ZSWIM3",0.273814438057784,0.0733894109686056,0.652796150973611
"1114","FAM120AOS",0.40808929269564,0.256042140056779,0.335868567247581
"1115","BAIAP3",0.085565112436526,0.407834300745201,0.506600586818273
"1116","LRRC17",0.232925820437268,0.0908156136920979,0.676258565870634
"1117","LYNX1",0.169585172140069,0.690501690291055,0.139913137568876
"1118","HK2",0.31166019112202,0.286208371553106,0.402131437324874
"1119","FAM228A",0.116072393031157,0,0.883927606968843
"1120","ZNF287",0.236094375432531,0.107721422189564,0.656184202377905
"1121","FAM43B",0.0812646203778625,0.179841274261445,0.738894105360692
"1122","AVIL",0.214277111136189,0.194613564237413,0.591109324626398
"1123","LZTS3",0.053773600269225,0.0836966870624159,0.862529712668359
"1124","ZBED8",0.25924451789481,0.0597850489123239,0.680970433192867
"1125","CNPPD1",0.0579645796432889,0.131430491145491,0.81060492921122
"1126","APOL2",0.296664987388955,0.390746696091454,0.312588316519591
"1127","LDAH",0.163616672814364,0.150557564620861,0.685825762564775
"1128","ARHGAP30",0.425886494649363,0.291006580697857,0.283106924652781
"1129","FETUB",0.181801069414087,0.38587219957505,0.432326731010863
"1130","C11orf74",0.135437329154929,0.351064952389391,0.51349771845568
"1131","XKR4",0.127953504829663,0.194875811998637,0.677170683171699
"1132","DNAH9",0.138213146654664,0.394599673405624,0.467187179939712
"1133","NR2C2AP",0.245408854256189,0.0761917894661308,0.67839935627768
"1134","CCT6B",0.305437128725674,0.379481193387096,0.31508167788723
"1135","GPRC5C",0.143325965070709,0.306266431537478,0.550407603391813
"1136","TNRC6C-AS1",0.160963106960629,0.298732343043084,0.540304549996287
"1137","TMEM42",0.490373893723831,0.0739096564044097,0.43571644987176
"1138","EMX2OS",0.389013002516361,0.00698491042639318,0.604002087057245
"1139","ENDOU",0.383101275526042,0.101378091055303,0.515520633418655
"1140","ZNF691",0.236686096314585,0.10081352035646,0.662500383328955
"1141","SCHIP1",0.139482943082065,0.136070083258627,0.724446973659309
"1142","PNPLA1",0.237906534528072,0.324701225597739,0.437392239874189
"1143","UAP1L1",0.0522833836053211,0.193610564422194,0.754106051972485
"1144","MYOM2",0.169407942923302,0.398237119865993,0.432354937210706
"1145","PSMG3-AS1",0.300344859897476,0.166396684877174,0.533258455225349
"1146","TMEM80",0.240838391305055,0.261543748183563,0.497617860511382
"1147","TSPAN31",0.466556263882579,0.173734291200172,0.359709444917248
"1148","BBS7",0.120685921063503,0.342807507477302,0.536506571459196
"1149","PRSS16",0.2804925348051,0.060507591810586,0.658999873384314
"1150","ECH1",0.0721169113691118,0.213569938431295,0.714313150199594
"1151","MT2A",0.372265672718549,0.0716758475306315,0.55605847975082
"1152","CAPRIN1",0.330830965391582,0.0657482939091356,0.603420740699283
"1153","HOXD8",0.196287115689846,0.0683053945778761,0.735407489732278
"1154","ANKRD37",0.311209973209439,0.237070408835258,0.451719617955303
"1155","SLC35G5",0.0547273574561967,0.0358698096649832,0.90940283287882
"1156","BLCAP",0.0815626574408882,0.0698546692229959,0.848582673336116
"1157","GALNT14",0.107849102014836,0.203409159583222,0.688741738401942
"1158","CYSTM1",0.296758916752723,0.199709943008717,0.503531140238561
"1159","ZNF135",0.258258681542824,0.207898262392054,0.533843056065123
"1160","CAVIN2",0.0538214034265806,0.130761930055843,0.815416666517577
"1161","ERICH5",0.0768290222779024,0.452308666212663,0.470862311509435
"1162","TDRKH",0.0584334337559479,0.0825768655433923,0.85898970070066
"1163","VPS18",0.0816269306242549,0.278583047802584,0.639790021573161
"1164","STOX1",0.0843451355983211,0.235795112098975,0.679859752302704
"1165","ZNF471",0.252322454076968,0,0.747677545923032
"1166","CCDC14",0.282652442272836,0.243560603447387,0.473786954279777
"1167","KCNJ14",0.440599353296298,0.14354288368511,0.415857763018593
"1168","MEPCE",0.0953440580890571,0.00738332979940293,0.89727261211154
"1169","FOXN3",0.261180129006139,0.268892568172318,0.469927302821543
"1170","EVPLL",0.346817672217951,0.235706418357726,0.417475909424322
"1171","AGPAT4",0.0437677512442618,0.0930024522353497,0.863229796520389
"1172","AOC4P",0,0,1
"1173","BTN3A2",0.207092032060963,0.316998813685171,0.475909154253866
"1174","SLC49A3",0.262600171307673,0.385635094893189,0.351764733799138
"1175","NOSTRIN",0.0454201972831006,0.22121668297658,0.733363119740319
"1176","MAP3K13",0.237612093094023,0.104419923419607,0.65796798348637
"1177","ECSCR",0.00140865698596816,0,0.998591343014032
"1178","NLE1",0.235059332826181,0,0.764940667173819
"1179","SDR16C5",0.38870247988239,0.334092123896404,0.277205396221206
"1180","AARS2",0.427191986321341,0.16955562894577,0.403252384732889
"1181","PCP2",0.346575732461581,0.216445106601337,0.436979160937082
"1182","ACACA",0.229350921282765,0.514991633304899,0.255657445412336
"1183","NMRAL2P",0.200385843630415,0.0620213865151421,0.737592769854443
"1184","ZDHHC11",0.262846297775012,0.499586507094195,0.237567195130793
"1185","STK31",0.440262647371818,0.039316698568563,0.520420654059618
"1186","C19orf57",0.307237955063681,0.236332068031368,0.456429976904951
"1187","RBM4B",0.411859803804494,0.0177461913573874,0.570394004838118
"1188","FAM173B",0.343151181264242,0.104454380434572,0.552394438301186
"1189","NAV2",0.0958299291980708,0.134333008187194,0.769837062614735
"1190","NEXMIF",0.0222697487591685,0.0528320227542374,0.924898228486594
"1191","RCAN2",0.275369294661864,0.376498288268197,0.348132417069939
"1192","DNAJB4",0.204496000861306,0.343644538033146,0.451859461105548
